uri,artist,title,danceability,energy,loudness,speechiness,acousticness,liveness,valence,tempo,pc1,pc2,label
spotify:track:1iaTDu4PCIWQQOwwwqq5qW,Said the Sky,All I Got,0.325,0.578,-6.7860000000000005,0.0455,0.158,0.575,0.10300000000000001,144.745,-0.1657223753097354,0.541032581415676,3
spotify:track:6Q3K9gVUZRMZqZKrXovbM2,Kygo,I'll Wait,0.611,0.6509999999999999,-6.973,0.0587,0.14800000000000002,0.105,0.35700000000000004,122.98299999999999,-0.16511381357690016,0.06842484837110711,4
spotify:track:75ZKw8JLaFsYr51J44fQ4N,joan,drive all night,0.542,0.758,-5.032,0.0313,0.000184,0.14400000000000002,0.43,156.128,-0.4479703053785179,0.18922566608999333,3
spotify:track:6Wz9rIfo9tOBcVCd1Mo7F7,Nightly,Twenty Something,0.6409999999999999,0.589,-6.305,0.0275,0.096,0.20800000000000002,0.11,100.001,-0.1256086696093274,0.12902093499757097,4
spotify:track:1Srt81FTalOhRw7t7l8Yh8,Lauv,Tattoos Together,0.862,0.4,-7.486000000000001,0.0736,0.00575,0.12300000000000001,0.596,122.963,-0.09294509129953318,-0.24587179872201656,2
spotify:track:4NjW9Srshx2xuTdEoUnf9C,TWIN XL,Neon Summer,0.39799999999999996,0.785,-4.853,0.0424,0.0012900000000000001,0.109,0.688,75.023,-0.4397535345724857,-0.19275599792224477,0
spotify:track:6NdL165hAxSKNnozIA2HDY,TWIN XL,"Don't Wake Me, I'm Still Dreaming",0.38799999999999996,0.777,-5.194,0.0341,0.0218,0.10099999999999999,0.218,163.805,-0.43809602371851347,0.4783829099982301,3
spotify:track:7sRdxkgNb3m3Ciai38ANmd,TWIN XL,Good,0.617,0.9640000000000001,-3.5589999999999997,0.0355,0.113,0.247,0.961,75.97800000000001,-0.5149010785060985,-0.5825138567727549,0
spotify:track:0O64j1yLdHg17XDfleKiYH,Delaney Jane,Throwback,0.613,0.731,-3.9930000000000003,0.0625,0.177,0.107,0.322,107.071,-0.23414582212666785,-0.0055140685703616394,4
spotify:track:3GweDldi2HrraUKLexWUeb,ayokay,Cassette,0.718,0.56,-6.739,0.0564,0.141,0.14800000000000002,0.292,75.031,-0.04414135639002795,-0.14960164586514416,2
spotify:track:7nvIPwXKGhqtRhssxM99kJ,Bryce Vine,Drew Barrymore,0.758,0.574,-6.888999999999999,0.0572,0.46,0.102,0.261,151.985,0.12184831952674627,0.12222885217153744,6
spotify:track:1ckLp8lCl8LipXI0ypX72m,Post Malone,I'm Gonna Be,0.746,0.5589999999999999,-4.008,0.0316,0.703,0.14800000000000002,0.368,117.943,0.26316405245663066,-0.10095614378883103,2
spotify:track:1bPJ6Ay1La8IYPCuCvQA7k,lovelytheband,coachella,0.563,0.6459999999999999,-6.849,0.0312,0.0664,0.0877,0.28800000000000003,115.01299999999999,-0.22011735520632028,0.13138389561506536,4
spotify:track:2p1onANhkUkyMZKKigOUJu,Kid Travis,Strawberry Skies,0.65,0.462,-6.5889999999999995,0.0891,0.366,0.159,0.65,89.887,0.11433046921344285,-0.28524674979393083,2
spotify:track:2Z8WXN2oV5dzxTWjscQQr2,Bryce Vine,San Junipero,0.6890000000000001,0.7020000000000001,-5.278,0.0356,0.203,0.145,0.562,98.01799999999999,-0.19193307139771848,-0.2441326874380509,0
spotify:track:7sWRlDoTDX8geTR8zzr2vt,Post Malone,Hollywood's Bleeding,0.405,0.6459999999999999,-3.2060000000000004,0.0476,0.331,0.10300000000000001,0.17,130.218,-0.11609744929273969,0.3477535419498942,3
spotify:track:5W0vgRE9B23TZDj5B7pRUO,lovelytheband,broken - Cash Cash Remix,0.49700000000000005,0.747,-3.112,0.0894,0.0259,0.0697,0.355,140.81,-0.4240375063045534,0.19112539415605523,3
spotify:track:3yGZzSxHvvQKwMsAtFfNF5,lovelytheband,stupid mistakes,0.6970000000000001,0.713,-6.567,0.0265,0.133,0.23,0.529,128.974,-0.2564817170507242,-0.09658424217129068,4
spotify:track:4akuE3uBD4t5HTXaAEm88t,Talos,See Me,0.436,0.6609999999999999,-6.034,0.0353,0.247,0.105,0.149,168.043,-0.16450338976462323,0.5104353647661793,3
spotify:track:3LxG9HkMMFP0MZuiw3O2rF,ILLENIUM,Good Things Fall Apart (with Jon Bellion),0.643,0.603,-5.416,0.0311,0.012,0.11800000000000001,0.42,144.01,-0.30086458472669,0.09239350608653821,4
spotify:track:6XxrZcC4CnlJy1qyYrrxqZ,Jason Ross,Letting Go (with RUNN),0.36700000000000005,0.688,-6.11,0.0465,0.16699999999999998,0.0916,0.21899999999999997,149.636,-0.23842719160214387,0.44568168220922294,3
spotify:track:4eVE7ruYH5dNGYKT2jd5So,Valley,Swim - Reprise,0.493,0.782,-6.968,0.0353,0.0187,0.321,0.314,104.941,-0.35447796430335776,0.10754536143321475,4
spotify:track:4WjTbrxOPvSwQlajlE4aXH,Lennon Stella,Kissing Other People,0.691,0.662,-5.941,0.0738,0.5479999999999999,0.11900000000000001,0.299,94.02799999999999,0.15828608573934713,-0.10416631310596233,2
spotify:track:4cB00WOFuQFLoDpnydcx8c,Boy In Space,7UP,0.616,0.469,-7.38,0.027000000000000003,0.0167,0.111,0.233,135.035,-0.13834208702603745,0.23421950175117937,4
spotify:track:6SL7KzIA96f0HiKjuv7tED,Quinn XCII,U & Us,0.605,0.73,-7.871,0.0425,0.087,0.187,0.263,130.025,-0.24529408424983665,0.16362179056273524,4
spotify:track:6BZ6pl5bczDc3cMF1kBaOy,LANY,pink skies,0.7190000000000001,0.631,-6.6160000000000005,0.0433,0.266,0.134,0.466,103.96799999999999,-0.056677679797311524,-0.16707846287632494,2
spotify:track:46lFttIf5hnUZMGvjK0Wxo,Galantis,Runaway (U & I),0.506,0.805,-4.119,0.0469,0.007109999999999999,0.0856,0.38299999999999995,126.008,-0.45335048307830916,0.11666706527970673,3
spotify:track:4AM3fxgUBkEUO6xScrmB9a,Mike Perry,Lighthouse,0.5429999999999999,0.875,-3.033,0.032,0.0795,0.061,0.244,154.936,-0.47349152381058296,0.27629999385045034,3
spotify:track:27YD36FUikKxbp3bKSiKGZ,Seven Lions,First Time (feat. Dylan Matthew),0.42200000000000004,0.677,-5.76,0.0365,0.251,0.16,0.146,150.131,-0.16291072533863546,0.4472421870591898,3
spotify:track:4s9Na0ywXodZXScgvXmJop,Seven Lions,First Time (feat. Dylan Matthew) - Acoustic,0.5579999999999999,0.337,-8.414,0.0311,0.92,0.159,0.397,143.784,0.6007019351749266,0.1733837687958274,1
spotify:track:0PxJmAlyKcRdd1r9FvDbTn,Lauv,For Now,0.5329999999999999,0.226,-12.186,0.0416,0.7829999999999999,0.113,0.111,83.588,0.752180073450091,0.1954150412178916,1
spotify:track:1TFC1wutiIHQQ9buf8bxQI,Jai Wolf,Better Apart (feat. Dresage),0.489,0.703,-4.564,0.026000000000000002,0.013000000000000001,0.10400000000000001,0.256,149.977,-0.3881556924595428,0.3275276093661721,3
spotify:track:5qhHm4dN4L2dhRb2TfzGPw,Lauv,Lonely Eyes,0.586,0.499,-7.005,0.0267,0.0418,0.0994,0.369,95.014,-0.12947590834218958,0.003392502478133479,4
spotify:track:7pWK1kMgHy5lNNiIfuRbkP,Martin Garrix,Used To Love (with Dean Lewis),0.6509999999999999,0.693,-4.7219999999999995,0.0375,0.45799999999999996,0.335,0.392,118.97,-0.017358528657434986,-0.043586039194796575,4
spotify:track:7cDpMO5wuWgvv3j4INRBeB,Lauv,Changes,0.532,0.455,-8.366,0.156,0.452,0.237,0.204,148.18200000000002,0.21990635600908687,0.322819522326896,6
spotify:track:4oM9DGUTrRaXJDypxxHztZ,Bryce Vine,La La Land (feat. YG),0.774,0.473,-5.122000000000001,0.0569,0.221,0.222,0.41600000000000004,97.95299999999999,0.002294022951203042,-0.1932957035419521,2
spotify:track:5uRjHOMFT16RS1f8ZNlkzm,Felix Palmqvist,Think Of Me (feat. Loé),0.499,0.61,-4.48,0.031,0.606,0.0693,0.299,155.21200000000002,0.10590987606587669,0.288151287202765,6
spotify:track:3Tiv2bF1OLCXXnuXaDKaG3,X Ambassadors,HOLD YOU DOWN,0.5770000000000001,0.627,-5.553,0.0533,0.0491,0.0766,0.446,78.96,-0.22555161188934628,-0.13517617551547692,4
spotify:track:4Y778EFdrOrvILkY3k4FXO,Bryce Vine,Nowhere Man,0.634,0.677,-6.6979999999999995,0.0336,0.10099999999999999,0.0576,0.33,122.035,-0.21837092504214464,0.06891295336978426,4
spotify:track:4MJfCOcc2PpWOrUqOpvy1S,Bryce Vine,Sunflower Seeds,0.723,0.593,-5.816,0.0308,0.19399999999999998,0.217,0.273,92.985,-0.06903338332559021,-0.08128407584820074,4
spotify:track:0GJnCFj7z7hvxo7AKX1PM8,Bryce Vine,Los Angeles,0.728,0.812,-6.099,0.0671,0.121,0.293,0.8240000000000001,150.093,-0.3922312311218464,-0.25985935011319516,0
spotify:track:0fQ9O8i6Hw2VFMW7i1Tgav,Troye Sivan,YOUTH - Gryffin Remix,0.56,0.66,-6.263999999999999,0.0406,0.0796,0.0989,0.36700000000000005,103.97399999999999,-0.2302223065441181,0.02917787524178439,4
spotify:track:3AGOgQzp0YcPH41u9p7dOp,The Wanted,Glad You Came,0.61,0.841,-4.579,0.0692,0.055999999999999994,0.11800000000000001,0.431,126.889,-0.4192342793378158,-0.002813794856969653,0
spotify:track:4WvApvScQ8ofzDIqgpScmb,Eric Reprid,June Blues,0.941,0.551,-5.659,0.0534,0.331,0.106,0.7020000000000001,98.014,0.03231482578638237,-0.5217779895778804,2
spotify:track:6VbkpKQxghXolaaY4gS61D,Bren Joy,Pocket,0.516,0.682,-6.545,0.0535,0.096,0.107,0.39299999999999996,153.996,-0.28531852178131517,0.23689854278943745,3
spotify:track:57RA3JGafJm5zRtKJiKPIm,Wallows,Are You Bored Yet? (feat. Clairo),0.682,0.6829999999999999,-6.444,0.0287,0.156,0.273,0.64,120.023,-0.23293238414964315,-0.19376164766999374,0
spotify:track:4iaPzRl9XegHsNdZfuHWFD,Timeflies,Nobody Has to Know,0.725,0.57,-4.06,0.106,0.723,0.085,0.23800000000000002,146.233,0.27942221085207547,0.09662180699666378,6
spotify:track:4eCe46kZbdcdHeWhjZww8I,Timeflies,Gravity,0.68,0.6659999999999999,-5.6979999999999995,0.0441,0.0217,0.125,0.501,74.0,-0.2602858819157583,-0.27339942456877103,0
spotify:track:2Yer0p7uB2lVBUAtANuuQp,Social House,Magic In The Hamptons (feat. Lil Yachty),0.769,0.479,-5.3389999999999995,0.0385,0.66,0.0914,0.8029999999999999,96.051,0.27705401873185137,-0.4711807970610556,2
spotify:track:0Vs8BRdNnyuk0QXWPWvICK,Social House,Love Me Back,0.5589999999999999,0.43700000000000006,-10.27,0.0311,0.585,0.10099999999999999,0.43,157.991,0.3072229197177619,0.22771345639590992,6
spotify:track:26OhjtaTamFocE08t83ml6,Russ,"Psycho, Pt. 2",0.7659999999999999,0.5479999999999999,-4.29,0.235,0.775,0.1,0.424,82.944,0.41150316705306794,-0.3320857287445342,5
spotify:track:4EpZ4eYuZOwPSSwyqpdHnJ,Rex Orange County,Sunflower,0.384,0.765,-4.463,0.0579,0.6459999999999999,0.522,0.5670000000000001,129.903,-0.00842530638441373,0.05906256986393626,4
spotify:track:7cM9Kqto11iJpY2RwgVJSq,Quinn XCII,Flare Guns,0.812,0.47200000000000003,-6.806,0.0603,0.26,0.285,0.457,92.95100000000001,0.06961833199196188,-0.2628414271548982,2
spotify:track:3je88Q4OvTqIx7BFRFYvRA,PRETTYMUCH,Phases,0.77,0.636,-6.724,0.131,0.16899999999999998,0.0676,0.49200000000000005,105.93,-0.10444359269830782,-0.2268166744233322,2
spotify:track:2UoBCvP9e34TJ4RSPUXomc,Prelow,Backseat,0.706,0.5589999999999999,-6.565,0.0339,0.0126,0.051,0.46799999999999997,102.00299999999999,-0.19917531862741897,-0.13770858878306333,4
spotify:track:3KkXRkHbMCARz0aVfEt68P,Post Malone,Sunflower - Spider-Man: Into the Spider-Verse,0.76,0.479,-5.574,0.0466,0.556,0.0703,0.9129999999999999,89.911,0.1960500332152511,-0.5545417947682996,2
spotify:track:7xQAfvXzm3AkraOtGPWIZg,Post Malone,Wow.,0.8290000000000001,0.539,-7.359,0.20800000000000002,0.136,0.10300000000000001,0.38799999999999996,99.96,-0.006259962071875337,-0.22536022138373807,2
spotify:track:0e7ipj03S05BNilyu5bRzt,Post Malone,rockstar (feat. 21 Savage),0.585,0.52,-6.136,0.0712,0.124,0.131,0.129,159.80100000000002,-0.12201978585139334,0.3930250953931659,3
spotify:track:2VdT56BGpdqNHUgOe1j5vc,Post Malone,Rich & Sad,0.599,0.5710000000000001,-4.998,0.0665,0.198,0.0969,0.285,151.974,-0.1354449145294107,0.2311201805282018,4
spotify:track:4qWCFTuNnmGNdY4egtb4ZY,Post Malone,Otherside,0.652,0.643,-5.667000000000001,0.0353,0.318,0.20800000000000002,0.109,104.932,-0.009326464746494133,0.11438614890583955,6
spotify:track:21jGcNKet2qwijlDFuPiPb,Post Malone,Circles,0.695,0.762,-3.497,0.0395,0.192,0.0863,0.5529999999999999,120.042,-0.2926088367736727,-0.1751801950494705,0
spotify:track:6TSlbHp7Vx4wZ0Rqciwn5v,Mokita,Til I Don't,0.7659999999999999,0.39399999999999996,-7.4510000000000005,0.0637,0.0582,0.27899999999999997,0.816,160.079,-0.14410263298011006,-0.17748038938320165,4
spotify:track:52hSR5CsLyziuwpZQqd9wI,Lostboycrow,Devil's in the Backseat,0.642,0.5579999999999999,-8.401,0.0693,0.16399999999999998,0.142,0.51,156.053,-0.11415045007257946,0.08930841384062631,4
spotify:track:5teOR8KU4XNWY2WlVUDiIR,Loote,85%,0.574,0.6509999999999999,-7.585,0.046,0.34600000000000003,0.149,0.368,140.017,-0.03413510952385033,0.15043205566699605,6
spotify:track:4a5zacCsHLtMC2mcxkqWwn,Lauv,Sad Forever,0.527,0.5379999999999999,-7.434,0.10400000000000001,0.46799999999999997,0.0825,0.389,117.319,0.1572060756269358,0.08072367958697209,6
spotify:track:7IE989Ftunp6k2LdMsFC5r,Lauv,Sims,0.529,0.39799999999999996,-8.238,0.38799999999999996,0.643,0.0637,0.5670000000000001,99.714,0.45662329048949335,-0.153016775015868,5
spotify:track:6DsFZITJMPnh8z5XewfVmL,Kygo,Raging (feat. Kodaline),0.55,0.6890000000000001,-7.76,0.094,0.0498,0.207,0.408,99.904,-0.23565149194622478,-0.012153964269417656,4
spotify:track:5Z3GHaZ6ec9bsiI5BenrbY,Khalid,Young Dumb & Broke,0.7979999999999999,0.539,-6.351,0.0421,0.19899999999999998,0.165,0.39399999999999996,136.94899999999998,-0.06589186672138217,-0.03884082941679808,4
spotify:track:6Hgh47WXVKtXN5zGOu0hjI,Khalid,OTW,0.652,0.6779999999999999,-6.183,0.0541,0.183,0.106,0.28,72.98899999999999,-0.10532423591228532,-0.11777711229193559,4
spotify:track:4eNHyE1TnZ71EKADVixS9q,Clueless Kit,I'm Not Sober,0.667,0.541,-7.247000000000001,0.0425,0.49700000000000005,0.0979,0.327,108.95200000000001,0.1959780487365973,-0.01106399780687053,6
spotify:track:1pNAf6W7POwjOD8x8mWf8G,Russ,Nobody Knows,0.715,0.71,-9.504,0.43200000000000005,0.445,0.10300000000000001,0.526,162.043,0.11102938093566478,-0.05718861036175554,2
spotify:track:69R5AoRQjNVSDemDFhKZOj,Clueless Kit,Not You (feat. Kora),0.47,0.349,-11.327,0.375,0.395,0.127,0.264,72.32600000000001,0.4242884174641246,0.030359407991154563,5
spotify:track:7kQkmyoHCEqwe7QwDbkSXM,FINNEAS,Let's Fall in Love for the Night,0.737,0.408,-7.941,0.10400000000000001,0.802,0.171,0.374,127.921,0.5198961784784493,-0.03386139623550976,5
spotify:track:7LaI3mRTJu66r9HKdv7iBx,Brent Faiyaz,Gang Over Luv,0.7809999999999999,0.27699999999999997,-9.35,0.326,0.0408,0.0754,0.302,163.987,0.10262490546006049,0.1486732725152046,6
spotify:track:2BuJrxYKhYky20dQqTlobO,keshi,skeletons,0.7190000000000001,0.265,-12.782,0.0754,0.29600000000000004,0.10800000000000001,0.273,80.021,0.3913846055882265,-0.05038109052514003,5
spotify:track:0LqCvXVNvcnkq78sCQsoO0,keshi,summer,0.7170000000000001,0.45299999999999996,-9.394,0.0532,0.14400000000000002,0.12,0.483,85.005,0.04443431812648167,-0.20330900371205424,2
spotify:track:4FUDWkguOUVpLRAVn5C20z,Jon Bellion,Blu,0.384,0.465,-8.554,0.0341,0.29,0.359,0.636,131.60399999999998,-0.006021878360499277,0.11748474844469828,6
spotify:track:2FK1qmw8XNBqUe5CcgTVnE,Jon Bellion,Guillotine,0.574,0.8029999999999999,-3.17,0.18600000000000003,0.102,0.0861,0.647,97.96700000000001,-0.3669301203495057,-0.262129638077591,0
spotify:track:1DMEzmAoQIikcL52psptQL,Joji,TEST DRIVE,0.6459999999999999,0.648,-8.602,0.0372,0.71,0.10800000000000001,0.466,75.00399999999999,0.3234657643115453,-0.23568155962305606,2
spotify:track:6p8eEdiZLKJH8tcjGZuNTK,Joji,Run,0.447,0.72,-3.9539999999999997,0.0332,0.0416,0.614,0.36200000000000004,157.892,-0.44076682061944555,0.29548628852308984,3
spotify:track:3xaugmCyXrVkrDTXbFkMW3,Joji,Sanctuary,0.552,0.65,-7.199,0.128,0.42200000000000004,0.37200000000000005,0.316,167.78799999999998,0.0010288874873281904,0.2797555115041961,6
spotify:track:3kYARoLSAvt86VFZ55BQcq,88rising,Head In The Clouds,0.516,0.456,-9.242,0.0397,0.281,0.0847,0.23800000000000002,145.843,0.08344312918406646,0.34837225765750746,6
spotify:track:7cflqPPi3zWfLFRRBTWeh6,Jeremy Zucker,talk is overrated,0.7759999999999999,0.353,-8.317,0.0687,0.435,0.302,0.6579999999999999,138.035,0.22902946460949863,-0.17901395956673394,2
spotify:track:0yjdEwkPYbhCXN6uCedpVu,Jeremy Zucker,Flying Kites,0.726,0.46,-5.33,0.0758,0.932,0.0731,0.665,143.737,0.4668785905605954,-0.18040295119558122,5
spotify:track:18uwL0vNUanqZH0ro2QcOP,Jeremy Zucker,comethru,0.795,0.17800000000000002,-11.991,0.0574,0.607,0.623,0.608,93.98200000000001,0.585087646820687,-0.3024635800127268,5
spotify:track:5pJPgy2jGvvNUNfHPvG3Zp,HONNE,Warm on a Cold Night,0.342,0.609,-5.68,0.0943,0.185,0.0799,0.401,82.98899999999999,-0.1324597077462809,0.08036779664537382,4
spotify:track:0d2iYfpKoM0QCKvcLCkBao,benny blanco,Eastside (with Halsey & Khalid),0.56,0.68,-7.648,0.321,0.555,0.11599999999999999,0.319,89.391,0.22889223676141454,-0.07545089697556705,2
spotify:track:3YTqCVdqwsql9yQKshguT6,gianni & kyle,wave,0.7440000000000001,0.43,-9.835,0.162,0.262,0.10400000000000001,0.28600000000000003,89.993,0.21088922774927074,-0.09697208333251243,2
spotify:track:7lKNg20fAXWXgrr9ZmVdEE,gianni & kyle,jealous,0.8320000000000001,0.643,-6.035,0.127,0.27399999999999997,0.0983,0.39299999999999996,135.007,-0.05330367931578132,-0.10774386655526122,4
spotify:track:7kMFvJUNKfQaOFxN4kXa68,gianni & kyle,how u get,0.867,0.6579999999999999,-5.242000000000001,0.21899999999999997,0.38,0.142,0.608,101.969,0.027787888798818806,-0.44106596916727253,2
spotify:track:1AHf5FSofKcUw8tyKkccKF,gianni & kyle,do u even miss me at all?,0.8190000000000001,0.519,-7.16,0.0768,0.384,0.0898,0.452,100.039,0.1460925301266667,-0.24553290602908046,2
spotify:track:0znCw9dSfsrBGUtxAzd9kD,gianni & kyle,5 shots,0.9179999999999999,0.449,-5.702000000000001,0.0605,0.124,0.0595,0.48100000000000004,91.978,-0.01666955993251334,-0.35510579029595607,2
spotify:track:7AhqAjYc1F7x3yURlb0dkj,EXES,Peckham,0.5920000000000001,0.495,-7.89,0.0446,0.581,0.134,0.226,114.925,0.29814844886183284,0.1417585694523841,6
spotify:track:69yWHw7ZdTfYnpk67pdj3a,COIN,"Don't Cry, 2020",0.527,0.867,-5.854,0.145,0.0132,0.612,0.184,128.04,-0.4228244941092591,0.2076546367860932,3
spotify:track:2zkhW5YaOPPaPgNWXmjTjF,Hoodie Allen,Come Around,0.726,0.727,-4.919,0.0969,0.363,0.231,0.815,77.543,-0.09538042907082132,-0.5515541334794078,2
spotify:track:15vzANxN8G9wWfwAJLLMCg,The Chainsmokers,Paris,0.6459999999999999,0.644,-6.763,0.031,0.0243,0.0888,0.251,99.999,-0.21906131288521702,0.03471066278563776,4
spotify:track:2rizacJSyD9S1IQUxUxnsK,The Chainsmokers,All We Know (feat. Phoebe Ryan),0.662,0.586,-8.821,0.0307,0.09699999999999999,0.115,0.29600000000000004,90.0,-0.07991186444157258,-0.030044250095587977,4
spotify:track:66dQdXAbtuPdSasezCQVZE,BROCKHAMPTON,SUMMER,0.49700000000000005,0.55,-6.13,0.0257,0.847,0.11900000000000001,0.542,79.955,0.39693629166688044,-0.16123360652245544,5
spotify:track:694vvR5o19xHPhhJ5QdLN7,BROCKHAMPTON,NO HALO,0.643,0.573,-7.034,0.0709,0.41,0.0695,0.47,165.192,0.031875221462862216,0.12687051934667432,6
spotify:track:6U0FIYXCQ3TGrk4tFpLrEA,BROCKHAMPTON,SUGAR,0.45299999999999996,0.5379999999999999,-8.212,0.0638,0.449,0.19,0.516,122.973,0.10945920317134158,0.08768367789131075,6
spotify:track:1Uo7reO6I2yQ1q36ZPuNf7,BROCKHAMPTON,GINGER,0.748,0.715,-5.1370000000000005,0.0451,0.249,0.16399999999999998,0.226,130.08700000000002,-0.14276458686039414,0.050517333833430315,4
spotify:track:5GI6QmVQewXzKDtIf4pPY8,Bren Joy,Twenties,0.6759999999999999,0.586,-6.412000000000001,0.0716,0.177,0.0461,0.602,88.01,-0.09733124865845998,-0.279858066324394,2
spotify:track:0dMahcyqbfmUiWUL9xiLmg,Bren Joy,Sweet,0.638,0.732,-6.852,0.0914,0.17300000000000001,0.0681,0.5529999999999999,78.017,-0.1703197900604718,-0.276875875911457,2
spotify:track:4kWfgyx4baqZctv8N3zxwt,Bren Joy,Henny in the Hamptons,0.633,0.635,-6.7860000000000005,0.11800000000000001,0.623,0.207,0.46399999999999997,87.927,0.22963363573958104,-0.19936924300644696,2
spotify:track:2GiJYvgVaD2HtM8GqD9EgQ,BØRNS,Electric Love,0.611,0.797,-7.627000000000001,0.0533,0.00543,0.26,0.518,120.041,-0.3812217145331172,-0.05948303379330822,0
spotify:track:6y6jbcPG4Yn3Du4moXaenr,blackbear,Idfc,0.63,0.5,-8.755,0.0611,0.611,0.114,0.315,144.871,0.30193453232221784,0.17076905342617735,6
spotify:track:7aiClxsDWFRQ0Kzk5KI5ku,blackbear,hot girl bummer,0.778,0.5589999999999999,-7.109,0.0776,0.128,0.39899999999999997,0.6779999999999999,129.989,-0.15513324699076353,-0.2468565864735289,2
spotify:track:65Bynqyt59f3fojjs1Uo41,ayokay,Stay With Me (feat. Jeremy Zucker),0.6940000000000001,0.695,-6.612,0.0705,0.489,0.131,0.46799999999999997,100.035,0.07504556091049813,-0.1911279942105393,2
spotify:track:4PUWpNtDejQwwa80LjvxXl,ayokay,Sleepless Nights (feat. Nightly),0.6629999999999999,0.696,-5.994,0.0349,0.0563,0.226,0.449,139.98,-0.3170695466344939,0.027176272662648774,4
spotify:track:6h5PAsRni4IRlxWr6uDPTP,Axwell /\ Ingrosso,More Than You Know,0.6459999999999999,0.741,-4.973,0.034,0.0275,0.312,0.5710000000000001,123.07700000000001,-0.39567633981968275,-0.12028810375339939,0
spotify:track:6ae29ZzSPYq61ARnOn3CGh,Anthony Russo,California,0.736,0.493,-7.224,0.0592,0.265,0.247,0.364,141.997,0.02170659779235205,0.0511748778579719,6
spotify:track:7HbTWMc28PYvjltuhArnKG,COIN,Atlas,0.38,0.769,-5.572,0.0748,0.007409999999999999,0.163,0.562,174.22299999999998,-0.49072434486260136,0.2908710783149506,3
spotify:track:0X5mtNbqxbiTYkwj0CQc2f,COIN,Crash My Car,0.244,0.645,-5.8629999999999995,0.0456,0.0017800000000000001,0.301,0.529,183.577,-0.446583794718187,0.47544828916071435,3
spotify:track:4djIFfof5TpbSGRZUpsTXq,COIN,Talk Too Much,0.598,0.888,-5.119,0.0807,0.009470000000000001,0.34700000000000003,0.48200000000000004,103.96600000000001,-0.4662774396595139,-0.12587443837229667,0
spotify:track:7znbs5T41Li5UBiVGhEACQ,Death Cab for Cutie,Summer Years,0.556,0.902,-6.087000000000001,0.0333,0.215,0.109,0.8490000000000001,152.25,-0.41193483312151413,-0.13832355483545003,0
spotify:track:28QF5ELXqDnaBjPjGTlzAK,Death Cab for Cutie,Northern Lights,0.514,0.95,-3.807,0.0298,0.00575,0.134,0.665,137.975,-0.6130686078483145,-0.04879310825131258,0
spotify:track:1J5rHMEvQFpM07iLULi48A,flor,back again,0.636,0.597,-6.8839999999999995,0.0279,0.11800000000000001,0.124,0.639,84.979,-0.16089780916681462,-0.27308909992353003,2
spotify:track:6RtRxaZN5RMWFbeZW24oRx,flor,hold on,0.609,0.872,-4.72,0.0447,0.0483,0.11900000000000001,0.534,111.96700000000001,-0.4479023979101399,-0.12626159501843778,0
spotify:track:5UAOuU3YK9xo76vtrhyDng,flor,dancing around,0.726,0.657,-7.066,0.0327,0.00765,0.0975,0.629,114.99600000000001,-0.2921567797795301,-0.21948715805635421,0
spotify:track:29j2Y1N3vpyvm385G4TFSS,flora cash,Missing Home,0.608,0.728,-6.612,0.0393,0.33899999999999997,0.0741,0.24600000000000002,89.994,-0.03352490894105121,-0.002949852810426227,4
spotify:track:1ITJTMrS4cx8zdlI7DdSoo,HONNE,Me & You ◑,0.769,0.546,-8.27,0.0387,0.645,0.0948,0.603,120.22,0.28700337349978694,-0.2313481063895171,2
spotify:track:6ZzYETKetIfNUsZUb23jgG,HONNE,Day 1 ◑,0.503,0.581,-7.007000000000001,0.0881,0.21,0.257,0.633,94.555,-0.09931651414687816,-0.14703323366585883,4
spotify:track:6A1GBCMwbfhkB9e1thR8a8,HONNE,Location Unknown ◐,0.682,0.65,-7.231,0.0457,0.21600000000000003,0.0947,0.37799999999999995,109.986,-0.09022645368556226,-0.050745657347622944,4
spotify:track:7i1pavASRUZk62ejaUIESa,HONNE,Crying Over You ◐,0.385,0.62,-8.316,0.147,0.0815,0.35200000000000004,0.415,75.564,-0.14993513075897089,0.012166136951747755,4
spotify:track:3FpEXAupLwCHwzeUBxF99S,joan,i loved you first,0.556,0.276,-9.603,0.0269,0.0862,0.0999,0.21600000000000003,75.02,0.140050646820678,0.09424959857577123,6
spotify:track:0ltO5bci13M68sTnEctBxR,joan,love somebody like you,0.5770000000000001,0.8540000000000001,-3.7539999999999996,0.0473,0.0596,0.205,0.336,94.999,-0.4093868112997672,-0.04427249576062406,0
spotify:track:2k7GyFSbErjCvk1QlTChxL,joan,tokyo,0.631,0.7859999999999999,-5.267,0.0353,0.00716,0.12,0.7609999999999999,102.027,-0.43348948845162477,-0.313966982656052,0
spotify:track:2btKtacOXuMtC9WjcNRvAA,LANY,ILYSB,0.636,0.623,-7.016,0.0603,0.46799999999999997,0.35100000000000003,0.389,100.02600000000001,0.10514708221164344,-0.08483671441246143,2
spotify:track:7ArrTJ1LwcGAlEO65LUQ7i,LANY,I Don't Wanna Love You Anymore,0.7020000000000001,0.623,-8.36,0.0417,0.322,0.0858,0.503,104.97399999999999,0.019066836393953575,-0.16281793668176706,2
spotify:track:0Eqg0CQ7bK3RQIMPw1A7pl,LANY,Malibu Nights,0.5589999999999999,0.42200000000000004,-11.89,0.195,0.701,0.0853,0.191,74.002,0.5978932045789908,0.031231945169430248,5
spotify:track:5MMZJtHOiH1RmQSSe3DJdg,The Lumineers,Sleep On The Floor,0.389,0.431,-8.061,0.0344,0.249,0.13,0.275,142.14,0.027761881216413483,0.40496185100546284,6
spotify:track:4RR9tI04ScTvVBCVTyTzhy,Nightly,the movies,0.6509999999999999,0.87,-4.8180000000000005,0.0262,0.0773,0.0852,0.8109999999999999,109.984,-0.45790322434056274,-0.34672629191724297,0
spotify:track:62nhuooamoroYpJyqE0nLd,Lost Frequencies,Are You With Me - Radio Edit,0.763,0.61,-8.094,0.0355,0.275,0.12,0.392,121.031,-0.007386215938278432,-0.07109472396343045,4
spotify:track:0AISJtBDtZXgB2fuvcjQEN,Said the Sky,Erase Me,0.528,0.61,-6.564,0.0287,0.376,0.21100000000000002,0.304,130.11,-0.0004042056855263177,0.18821383692638824,6
spotify:track:6oNZ0WxqptE7V0qpjtyJ4a,ODESZA,Falls (feat. Sasha Sloan),0.294,0.6970000000000001,-6.029,0.128,0.0398,0.136,0.183,160.566,-0.3401326796898199,0.5567228097894399,3
spotify:track:1Pj5oOFzLYELyyeh1IYRK0,FLETCHER,Undrunk,0.613,0.579,-6.484,0.0833,0.489,0.126,0.551,91.863,0.13518050961353759,-0.2035781261668556,2
spotify:track:2QsBAfiNmngcrZsOTznqBG,Marc E. Bassy,Just My Luck,0.617,0.64,-5.601,0.042,0.28300000000000003,0.16399999999999998,0.34600000000000003,156.98,-0.12439644644422204,0.18948734291940797,4
spotify:track:6YUTL4dYpB9xZO5qExPf05,Calvin Harris,Summer,0.596,0.856,-3.556,0.0346,0.0211,0.141,0.743,127.949,-0.5339338124040087,-0.19558233119374172,0
spotify:track:5jYe1mOKg5zUx0enf1DOdz,Boy In Space,Cold,0.711,0.41200000000000003,-6.827000000000001,0.0445,0.184,0.0546,0.18600000000000003,130.015,0.04489154698702208,0.16348232044939945,6
spotify:track:64oxZ8Ma5HAWV04LAI2KwT,Oh Wonder,Happy,0.698,0.516,-8.472000000000001,0.0331,0.45399999999999996,0.0922,0.516,101.979,0.18755276825523992,-0.17172981647323626,2
spotify:track:1g8illkxDpZ9oHckc7NovJ,Jeremy Zucker,not ur friend,0.8009999999999999,0.272,-10.564,0.415,0.302,0.40700000000000003,0.648,68.965,0.3829365929994477,-0.5030288229974702,2
spotify:track:1FlAMUpKrjY4NdaqsXjl1w,Carlie Hanson,Back in My Arms,0.5429999999999999,0.7809999999999999,-4.854,0.0988,0.0879,0.0868,0.522,150.174,-0.38944007165987415,0.08248066848884932,4
spotify:track:5SlU0Yhi51jobhEiGE4xDv,keshi,2 soon,0.517,0.6629999999999999,-6.688,0.0375,0.146,0.322,0.146,174.032,-0.2304727292985339,0.47571996566594554,3
spotify:track:5MgBUUjbkQ27Kd9CbeZFLo,The Chainsmokers,Roses (feat. ROZES) - Zaxx Remix,0.677,0.8809999999999999,-3.534,0.054000000000000006,0.00445,0.359,0.5660000000000001,128.121,-0.5303745568440683,-0.15358270333714974,0
spotify:track:0TqaX16qLpX7YqFcAl9lDy,Christian French,superstars,0.312,0.614,-6.0729999999999995,0.0466,0.0589,0.0898,0.35600000000000004,205.37900000000002,-0.35714566381994517,0.6309156841085688,3
spotify:track:6TodWdTSDfzwgYynTZSvJn,88rising,Midsummer Madness,0.409,0.6779999999999999,-7.731,0.0878,0.359,0.16699999999999998,0.168,89.96799999999999,0.026323094127187596,0.20406711892186782,6
spotify:track:2ZDpSQfBdgkooeXw6oj3Uz,Rich Brian,100 Degrees,0.7559999999999999,0.648,-5.287000000000001,0.0731,0.11800000000000001,0.515,0.657,80.979,-0.21389280915084102,-0.4333037257171427,0
spotify:track:0hNhlwnzMLzZSlKGDCuHOo,Beach House,Space Song,0.509,0.79,-7.105,0.0293,0.218,0.14400000000000002,0.625,147.07299999999998,-0.28772291608199896,0.047932915601888795,4
spotify:track:5pjWzUc1tVcewUTdDJd6Ce,Sun Rai,San Francisco Street,0.877,0.542,-9.102,0.0419,0.22399999999999998,0.0858,0.509,111.47399999999999,0.03205505285846598,-0.2566853629857595,2
spotify:track:5Dpeoi8BLN4iWM0oaRU7C6,Oh Wonder,How It Goes,0.581,0.35100000000000003,-12.2,0.10400000000000001,0.867,0.375,0.524,93.988,0.6740833150499658,-0.11767665189796968,5
spotify:track:28sWYevC75ZrUMJ0tD4zWM,Hollow Coves,These Memories,0.521,0.265,-18.229,0.0319,0.961,0.0676,0.392,77.51899999999999,0.9476251443007274,0.024250277446729,1
spotify:track:3JvrhDOgAt6p7K8mDyZwRd,Vance Joy,Riptide,0.484,0.731,-6.694,0.0379,0.431,0.151,0.51,101.654,-0.037478933376299095,-0.04339958183162814,4
spotify:track:4rsW3WCZBGwhHfJWuHRwyT,Phillip Phillips,Home,0.606,0.826,-6.04,0.0307,0.0256,0.11699999999999999,0.322,121.04,-0.39005620419497467,0.07174792166779484,4
spotify:track:5L79aNYCTKiZq7vaOElXYj,Phillip Phillips,"Gone, Gone, Gone",0.664,0.642,-5.961,0.038,0.129,0.114,0.501,118.00200000000001,-0.20766285305736637,-0.08880502987672564,4
spotify:track:0W4Kpfp1w2xkY3PrV714B7,The Lumineers,Ho Hey,0.685,0.466,-9.074,0.0304,0.794,0.0915,0.353,79.936,0.5301011008221793,-0.14819082895855876,5
spotify:track:6oVm5ocTB8B0rjO5dZk8Px,Vancouver Sleep Clinic,Ayahuasca,0.46299999999999997,0.228,-15.717,0.0338,0.7340000000000001,0.0691,0.0528,148.003,0.719087528054349,0.5704488882359745,1
spotify:track:3g2BcuGHf4zYPSxv1uoSmv,Death Cab for Cutie,When We Drive,0.72,0.628,-8.759,0.0302,0.405,0.311,0.524,103.57600000000001,0.07445869856946206,-0.2035651163700062,2
spotify:track:0I0ZackSSk90oGUJtfKnJd,Dream Easy Collective,Ultimately,0.7340000000000001,0.22,-17.295,0.226,0.8959999999999999,0.33899999999999997,0.625,106.977,0.9110788273303798,-0.22716498325847412,5
spotify:track:0SzLEOsIqaVdThCSzvbgCy,Lostboycrow,Santa Fe,0.48200000000000004,0.37799999999999995,-10.448,0.0468,0.542,0.18899999999999997,0.401,187.834,0.27909985660402825,0.4289786664436944,6
spotify:track:5HsSsEeP3hU9QSfHZrzbtA,Finding Hope,3:00 AM,0.5479999999999999,0.14800000000000002,-18.726,0.0419,0.557,0.28600000000000003,0.0344,81.999,0.7761140884415253,0.2916534486780571,1
spotify:track:3X0J4QzAMCoyMZUSMCoVDw,Jeremy Zucker,thinking 2 much,0.667,0.371,-11.845,0.0476,0.7879999999999999,0.0998,0.519,104.946,0.5955599364355131,-0.11883326449738107,5
spotify:track:5jOQ5v49S1h496AiNlk682,Oh Wonder,Plans,0.45799999999999996,0.298,-13.190999999999999,0.25,0.833,0.0631,0.14400000000000002,76.575,0.8070456597716164,0.15771776681917787,1
spotify:track:1gXBi2I04CLJkTQnhNfEJT,Gallant,Weight in Gold,0.38,0.43799999999999994,-5.526,0.0962,0.0259,0.154,0.349,179.40400000000002,-0.23220675238932484,0.48943856609770725,3
spotify:track:169koB619bHoCZGLgAcDSX,Clueless Kit,Come to a Stop (feat. Kora),0.867,0.49200000000000005,-6.662999999999999,0.395,0.767,0.102,0.542,160.031,0.4476957440078192,-0.1972565660122959,5
spotify:track:6ta5yavnnEfCE4faU0jebM,Catherine Feeny,Mr Blue,0.456,0.386,-10.293,0.032,0.835,0.389,0.612,165.733,0.46541234153857525,0.20031605414063847,1
spotify:track:6brEbACn8gEJAZjbNQEElb,Fialta,High Above Chicago,0.603,0.361,-9.335,0.0291,0.41600000000000004,0.105,0.131,121.098,0.29815452501731604,0.2613911001280585,6
spotify:track:0IVHlst3XMgzXUJbIyZ8oO,Oh Wonder,Without You,0.639,0.465,-7.247000000000001,0.0696,0.27,0.124,0.319,86.994,0.10055911472562164,-0.05307508144437135,2
spotify:track:2kJqNHHGOzLNahukdvlDWN,Oh Wonder,Drive,0.657,0.456,-8.351,0.0961,0.705,0.084,0.381,141.735,0.39966671191665554,0.08457120068440614,5
spotify:track:1m7XbKhOvJst478ms8yUrr,Emma Sameth,Spin With You (feat. Jeremy Zucker),0.818,0.445,-7.4670000000000005,0.23,0.718,0.10800000000000001,0.423,95.944,0.49407388383010636,-0.28182646672086764,5
spotify:track:4cxwiuYJltrPeWr5FDDntO,Jeremy Zucker,desire,0.623,0.23600000000000002,-12.529000000000002,0.0485,0.843,0.376,0.35100000000000003,137.938,0.7103736113333536,0.16612193481310736,1
spotify:track:2jPQpbzZd90opXN0cBOspe,RKCB,Naive,0.64,0.5820000000000001,-9.529,0.040999999999999995,0.716,0.32799999999999996,0.085,100.024,0.4099137755528764,0.12689233532624083,5
spotify:track:2Czp64BykWyWfIssRXQZvT,Oh Wonder,Heart Hope,0.377,0.375,-13.364,0.0505,0.938,0.10800000000000001,0.0712,122.431,0.740872628307222,0.4736197626475523,1
spotify:track:7BrvQTRoBtMlZuRuiWfFnf,khai dreams,Summer Is Like a Dream,0.586,0.384,-16.529,0.24600000000000002,0.821,0.0741,0.647,140.006,0.6904207460414538,-0.015194443523357708,5
spotify:track:2ULvsEVdvPbXERrl3mGEE8,Jeremy Zucker,firefly,0.738,0.319,-8.479,0.11699999999999999,0.569,0.145,0.42700000000000005,83.01700000000001,0.4573732038323395,-0.21839653250620475,5
spotify:track:2qcusYRhQiSQexL1cmkj8N,Chris Wright,Up and Down,0.501,0.523,-9.298,0.174,0.877,0.14300000000000002,0.5760000000000001,132.34799999999998,0.47851709434551515,0.009923814267327274,5
spotify:track:3uLeFt6TLThy8ij5cf6MTt,Chris Wright,Sleep Alone,0.763,0.28600000000000003,-15.599,0.102,0.772,0.0954,0.175,112.19200000000001,0.7860658680716213,0.08990860932727289,1
spotify:track:4ugiUtLDE6ACEeG5vj1rEh,Milky Day,Blur,0.45299999999999996,0.287,-12.695,0.051,0.787,0.106,0.076,127.454,0.6769260836981926,0.4462111763704802,1
spotify:track:34CuWXYL4yE4zgUR7yKqC3,khai dreams,Drifting Away,0.52,0.268,-15.199000000000002,0.0407,0.7390000000000001,0.0718,0.273,119.85600000000001,0.6930712637067787,0.25917454935716144,1
spotify:track:1OJqtwMsA3RHmAYh6DHWYK,Chris Wright,You're the Reason,0.693,0.40299999999999997,-8.773,0.191,0.946,0.10400000000000001,0.677,115.62100000000001,0.6336932339988579,-0.26696678653630124,5
spotify:track:2XpmzywSGH1OILU0mxSHBy,keshi,as long as it takes you,0.8759999999999999,0.28800000000000003,-9.208,0.321,0.449,0.3,0.27899999999999997,139.994,0.42847001973747373,-0.036109272823769016,5
spotify:track:1K1b1rPjbbam1NXUPg4VrK,UMI,Lullaby,0.8490000000000001,0.19,-9.628,0.0447,0.5489999999999999,0.102,0.203,113.955,0.551500664053216,0.006723963108270138,5
spotify:track:4qkVALwOxCIEZ7I5gkZ3m4,UMI,Butterfly,0.785,0.27,-14.457,0.0892,0.255,0.0953,0.12,131.894,0.37469219924058067,0.21339260814161357,6
spotify:track:5HYSOEDwblGTVSh88TZnet,UMI,Midnight Blues,0.763,0.494,-6.857,0.0487,0.965,0.17300000000000001,0.34700000000000003,88.01100000000001,0.5989709839122459,-0.20880641449653337,5
spotify:track:630Ug0XtmhhFvAKo0PNuEI,UMI,Remember Me,0.84,0.344,-8.613,0.0374,0.456,0.35,0.526,111.994,0.3024230917898885,-0.2359686041355618,2
spotify:track:1dlgxW5PwUT0v1xzHTCRgH,RINI,Carefree,0.715,0.317,-12.28,0.109,0.8240000000000001,0.12300000000000001,0.239,120.029,0.71245811753598,0.08308216555590303,1
spotify:track:2ZwIO3ufWLFYxtEoam9ydu,RINI,My Favourite Clothes,0.746,0.33899999999999997,-9.041,0.14400000000000002,0.48200000000000004,0.0838,0.29100000000000004,119.92399999999999,0.3832579211977538,0.012660189487764133,5
spotify:track:7ivYWXqrPLs66YwakDuSim,keshi,like i need u,0.748,0.465,-8.163,0.0869,0.39899999999999997,0.294,0.41200000000000003,119.87200000000001,0.1813705049251238,-0.0814803834962397,2
spotify:track:3Dkvp3L4w0uJFYfIPa8E9H,LANY,ILYSB - STRIPPED,0.6609999999999999,0.39299999999999996,-8.199,0.0554,0.546,0.11,0.165,83.851,0.39907395605345514,0.022819343696911756,5
spotify:track:0rKtyWc8bvkriBthvHKY8d,Joji,SLOW DANCING IN THE DARK,0.515,0.479,-7.457999999999999,0.0261,0.544,0.191,0.284,88.964,0.2718404583809748,0.0651522821925183,6
spotify:track:5lH3H5LMsBnWfec33fui3w,khai dreams,Through and Through,0.852,0.424,-9.308,0.0463,0.38299999999999995,0.0843,0.591,94.934,0.2339924875206141,-0.34996623896501927,2
spotify:track:0nMqu5vN44GNv8UOQxmBJK,COIN,Malibu 1992,0.5589999999999999,0.32,-7.694,0.0414,0.0644,0.17300000000000001,0.49700000000000005,147.366,-0.058443171364255427,0.16497111075173276,4
spotify:track:1XFbCFyh2mPCDUBtoHut9A,ASTN,18,0.5539999999999999,0.452,-12.751,0.5379999999999999,0.575,0.34700000000000003,0.344,84.98200000000001,0.5386128474814798,-0.0933247935493922,5
spotify:track:2itR8VHeTVKInnMPec8mj8,khai dreams,Lost in You,0.7709999999999999,0.607,-12.02,0.113,0.33399999999999996,0.122,0.79,90.035,0.11312895116286992,-0.45487963939721526,2
spotify:track:08zeEYblrLGAwATpniIMCu,khai dreams,Do You Wonder,0.774,0.281,-12.527000000000001,0.0404,0.545,0.105,0.341,140.086,0.4901281545635838,0.08512316326423779,5
spotify:track:41yIvlFgvGwxq8qTqAR7eG,The Paper Kites,Bloom - Bonus Track,0.5920000000000001,0.41600000000000004,-9.794,0.0246,0.882,0.11199999999999999,0.41700000000000004,96.00200000000001,0.6012137053226644,-0.048610117469671574,5
spotify:track:5TTXEcfsYLh6fTarLaevTi,NIKI,lowkey,0.752,0.494,-8.18,0.0559,0.43200000000000005,0.0869,0.22699999999999998,117.90100000000001,0.21874216669238647,0.037913444612285865,6
spotify:track:53usuYfeK66GLBhm6k7x5e,khai dreams,Fantasy,0.35,0.43,-13.14,0.131,0.715,0.299,0.203,169.908,0.4731010741299409,0.5744986119431826,1
spotify:track:2IgbYlOlFpiSFYnsqB39lM,DPR LIVE,Jasmine,0.597,0.486,-5.893,0.0986,0.331,0.14,0.397,137.68,0.04131093457520474,0.1037045703760993,6
spotify:track:2dpaYNEQHiRxtZbfNsse99,Marshmello,Happier,0.687,0.792,-2.7489999999999997,0.0452,0.191,0.16699999999999998,0.6709999999999999,100.015,-0.3281709260292525,-0.33823519095244153,0
spotify:track:70YPzqSEwJvAIQ6nMs1cjY,ILLENIUM,In Your Arms (with X Ambassadors),0.40399999999999997,0.8059999999999999,-4.75,0.0496,0.198,0.114,0.11199999999999999,148.036,-0.29730666923158755,0.4539846694367237,3
spotify:track:6pooRNiLyYpxZeIA5kJ5EX,ILLENIUM,Good Things Fall Apart (with Jon Bellion),0.643,0.594,-5.452999999999999,0.0318,0.0128,0.11800000000000001,0.442,144.033,-0.29672783904345157,0.07908022208307428,4
spotify:track:3WtCu35qpzGCLIGa8pczdu,Halsey,Colors - Audien Remix,0.649,0.885,-2.012,0.106,0.0722,0.10099999999999999,0.7190000000000001,134.93200000000002,-0.5233096754406941,-0.2246978766654776,0
spotify:track:4Gcv5SsxnQWpmOnUI19EJk,Gryffin,All You Need To Know (feat. Calle Lehmann),0.513,0.7879999999999999,-4.629,0.0364,0.00968,0.11,0.23399999999999999,139.987,-0.4251377459382354,0.2718251337336877,3
spotify:track:3g0mEQx3NTanacLseoP0Gw,The Chainsmokers,Takeaway,0.528,0.511,-8.144,0.0324,0.126,0.10099999999999999,0.35100000000000003,100.1,-0.06078315148516465,0.08066029367388299,4
spotify:track:7BKLCZ1jbUBVqRi2FVlTVw,The Chainsmokers,Closer,0.748,0.524,-5.599,0.0338,0.414,0.111,0.6609999999999999,95.01,0.08611497614188705,-0.35365128457269995,2
spotify:track:6RUKPb4LETWmmr3iAEQktW,The Chainsmokers,Something Just Like This,0.617,0.635,-6.769,0.0317,0.0498,0.16399999999999998,0.446,103.01899999999999,-0.23293543752883286,-0.06321520482945121,4
spotify:track:5uGCoNepb3NfYHzdVDXQtC,SLANDER,Potions,0.545,0.32299999999999995,-12.005999999999998,0.0391,0.102,0.107,0.193,149.941,0.09836582577068821,0.41780970739226375,6
spotify:track:17Efhyf4A96n0EFXKeB7Ya,ILLENIUM,Crashing (feat. Bahari),0.5820000000000001,0.6809999999999999,-6.138,0.0458,0.342,0.18600000000000003,0.273,95.995,-0.02787742836834369,0.020586934050494943,4
spotify:track:39glqzRVRAy4vq3PqeTGb8,SLANDER,Love Is Gone,0.452,0.465,-10.006,0.0344,0.0589,0.095,0.0832,149.586,-0.06508476968473476,0.5337502301386801,3
spotify:track:24FFOpCA6bc5YoU2F3TKqS,Gryffin,Just For A Moment (feat. Iselin),0.536,0.7759999999999999,-6.343,0.0485,0.0137,0.26899999999999996,0.414,144.037,-0.4100408657175609,0.15588466893040948,3
spotify:track:22S5BO6h7JIOjg2Uw88l8e,Cash Cash,How to Love (feat. Sofia Reyes) - Boombox Cartel Remix,0.5479999999999999,0.895,-1.9880000000000002,0.102,0.11,0.0816,0.682,150.122,-0.5273184894115583,-0.06422294332918256,0
spotify:track:4f3NHOxgC8Bg21IJBg4cZ3,Timmy Trumpet,Freaks - Radio Edit,0.882,0.965,-0.818,0.13,0.0136,0.20600000000000002,0.759,128.129,-0.6066970880071962,-0.4828914984270239,0
spotify:track:1DxEbPu9z1SVGh7dXMuzS9,Said the Sky,Superstar,0.617,0.721,-5.568,0.0375,0.0712,0.0867,0.42200000000000004,134.974,-0.3219319761486692,0.05816025474479292,4
spotify:track:2zh01m4PiHaZz4BAm0NRxs,Gryffin,Tie Me Down (with Elley Duhé),0.608,0.845,-2.292,0.0597,0.136,0.111,0.322,98.976,-0.3669636529383265,-0.05676839825238899,0
spotify:track:6BDLcvvtyJD2vnXRDi1IjQ,Seven Lions,Rush Over Me,0.441,0.753,-4.074,0.044000000000000004,0.0701,0.027000000000000003,0.254,135.015,-0.37176750030872807,0.2933287837890771,3
spotify:track:17ejRbr6B8l9zdqgCZsn4m,Gryffin,Nobody Compares To You (feat. Katie Pearlman),0.59,0.764,-4.735,0.0467,0.22899999999999998,0.192,0.331,104.911,-0.21141427569165652,-0.003457740217212336,4
spotify:track:4keoy2fqgwGnbWlm3ZVZFa,Zedd,Happy Now,0.503,0.741,-5.127999999999999,0.047,0.579,0.0712,0.45799999999999996,88.335,0.0640544719796783,-0.09596541198395157,2
spotify:track:4bw3ZyWA1ui0Adu285NWDl,Halsey,Without Me - ILLENIUM Remix,0.639,0.71,-3.358,0.0479,0.483,0.21899999999999997,0.373,136.004,-0.04671012144868073,0.03325522616014047,4
spotify:track:15BlympuVSfZFROojEMY2M,The Chainsmokers,Don't Let Me Down (feat. Daya) - Illenium Remix,0.428,0.6559999999999999,-3.7119999999999997,0.075,0.0751,0.15,0.355,79.648,-0.27040200069850284,0.019425813679431088,4
spotify:track:6h9xi8i9zVOXk5FqGqcBNH,The Wanted,We Own The Night - The Chainsmokers Edit,0.602,0.8390000000000001,-3.5610000000000004,0.0389,0.0141,0.0897,0.402,126.001,-0.4722928445989023,0.02203468562153649,0
spotify:track:1dFkD1JfRMzwO6hwUsE8aS,Zedd,Spectrum,0.609,0.8009999999999999,-4.417,0.034,0.0137,0.127,0.40700000000000003,129.99,-0.43692863574424035,0.0395312723404855,0
spotify:track:1I8tHoNBFTuoJAlh4hfVVE,Kygo,Firestone (feat. Conrad Sewell),0.486,0.652,-7.226,0.052000000000000005,0.408,0.077,0.391,113.055,0.020017570395411043,0.09316392569029287,6
spotify:track:0ct6r3EGTcMLPtrXHDvVjc,Avicii,The Nights,0.527,0.835,-5.297999999999999,0.0433,0.0166,0.249,0.654,125.98299999999999,-0.4857091549018498,-0.08039128354531144,0
spotify:track:0xrcHE5F1e4OMJ2V9fc2Br,Grace VanderWaal,Moonlight - BKAYE Remix,0.498,0.872,-2.336,0.153,0.039,0.276,0.365,91.866,-0.45611374384498793,-0.049214230113774286,0
spotify:track:31MNOpsq7wfsrlIEV0vDrv,Gryffin,Whole Heart - BKAYE Remix,0.507,0.693,-6.921,0.166,0.0701,0.17,0.465,83.772,-0.21957691059155193,-0.10084130322110221,4
spotify:track:4Z1t1aMRif8ES212kTN8H2,Gryffin,Whole Heart,0.501,0.648,-7.172999999999999,0.0696,0.027999999999999997,0.153,0.191,163.834,-0.28224389362854746,0.4292095584247009,3
spotify:track:7gHs73wELdeycvS48JfIos,Alan Walker,Faded,0.589,0.6509999999999999,-5.0969999999999995,0.0306,0.0291,0.111,0.166,90.01100000000001,-0.2412374322108753,0.08329112177811392,4
spotify:track:2ISSQPb9LHHiV6ng2NXosL,Zedd,Beautiful Now,0.628,0.833,-4.126,0.0282,0.0079,0.07400000000000001,0.56,128.003,-0.4844521686010173,-0.08766062251642535,0
spotify:track:2zMXH5k5NZy1Nw460bLvRh,Cash Cash,Take Me Home (feat. Bebe Rexha),0.5710000000000001,0.903,-2.184,0.214,0.0615,0.18600000000000003,0.47700000000000004,127.95100000000001,-0.48644554794020284,-0.055824023439474804,0
spotify:track:5XRuR2wBLylhBAK6HMIS29,2 Friends Remixes,Mr. Brightside - Original,0.47700000000000004,0.7759999999999999,-5.933,0.0445,0.026000000000000002,0.0914,0.445,148.08100000000002,-0.41986467591976,0.1998351707635029,3
spotify:track:1SWg0LGSxwbD3pyLfW0z5H,tobi lou,hot tub DREAM Machine,0.677,0.526,-8.245,0.0361,0.264,0.113,0.467,140.082,-0.0008013394403490211,0.03310893561549779,4
spotify:track:39LLxExYz6ewLAcYrzQQyP,Dua Lipa,Levitating,0.695,0.883,-2.286,0.0778,0.0533,0.213,0.907,103.014,-0.5299381177593161,-0.5045385641423329,0
spotify:track:5Htq8DDDN0Xce9MwqzAzui,88rising,La La Lost You,0.721,0.5820000000000001,-8.251,0.0411,0.315,0.065,0.48700000000000004,100.083,0.04908487646664217,-0.18044904045830837,2
spotify:track:71kkmlYkfgbrFNozWnquQi,Dabin,Holding On,0.491,0.675,-5.722,0.0368,0.0518,0.111,0.23,144.98,-0.3056861878365296,0.3306086006693099,3
spotify:track:7uzmGiiJyRfuViKKK3lVmR,Bazzi,Mine,0.71,0.789,-3.8739999999999997,0.0722,0.0161,0.451,0.7170000000000001,142.929,-0.48698840962782025,-0.2149720824756246,0
spotify:track:2cvOfKHOHgwQlLiuLKP2xR,Post Malone,Myself,0.47600000000000003,0.701,-4.234,0.0349,0.102,0.242,0.405,163.882,-0.36895188047668354,0.27962678330137236,3
spotify:track:1YuIEfhp8umr6QSal4FTK4,John K,OT,0.7340000000000001,0.44299999999999995,-6.466,0.0788,0.434,0.107,0.617,79.485,0.20262242022623494,-0.3681522609812042,2
spotify:track:27as7exfxU3cNaYKr3HlHI,Lauv,Mean It - stripped,0.5379999999999999,0.228,-10.837,0.0334,0.746,0.126,0.517,90.912,0.6271081450889159,-0.05580975192362981,5
spotify:track:7ojmU04SuSKtIjzODRFIiB,Loud Luxury,I'm Not Alright - Frank Walker Remix,0.741,0.8690000000000001,-3.557,0.0366,0.0176,0.13699999999999998,0.6859999999999999,124.99,-0.5114989128244815,-0.28410734725205306,0
