artist,title,danceability,energy,key,loudness,mode,speechiness,acousticness,instrumentalness,liveness,valence,tempo,uri,time_signature,pc1,pc2,label
Said the Sky,All I Got,0.325,0.578,2,-6.7860000000000005,1,0.0455,0.158,0.00479,0.575,0.10300000000000001,144.745,spotify:track:1iaTDu4PCIWQQOwwwqq5qW,4,-0.1635823579750774,0.5366525073682795,6
Kygo,I'll Wait,0.611,0.6509999999999999,1,-6.973,1,0.0587,0.14800000000000002,1.84e-05,0.105,0.35700000000000004,122.98299999999999,spotify:track:6Q3K9gVUZRMZqZKrXovbM2,4,-0.16251330418816484,0.06845929203656731,0
joan,drive all night,0.542,0.758,9,-5.032,1,0.0313,0.000184,5.63e-06,0.14400000000000002,0.43,156.128,spotify:track:75ZKw8JLaFsYr51J44fQ4N,4,-0.4455439159429856,0.18704289074918365,6
Nightly,Twenty Something,0.6409999999999999,0.589,5,-6.305,0,0.0275,0.096,9.67e-05,0.20800000000000002,0.11,100.001,spotify:track:6Wz9rIfo9tOBcVCd1Mo7F7,4,-0.12284332380806695,0.129876730335536,0
Lauv,Tattoos Together,0.862,0.4,4,-7.486000000000001,1,0.0736,0.00575,7.49e-06,0.12300000000000001,0.596,122.963,spotify:track:1Srt81FTalOhRw7t7l8Yh8,4,-0.08770895374943304,-0.24957604180740248,2
TWIN XL,Neon Summer,0.39799999999999996,0.785,10,-4.853,1,0.0424,0.0012900000000000001,0.0,0.109,0.688,75.023,spotify:track:4NjW9Srshx2xuTdEoUnf9C,4,-0.43767271540754876,-0.19293675707704094,5
TWIN XL,"Don't Wake Me, I'm Still Dreaming",0.38799999999999996,0.777,5,-5.194,0,0.0341,0.0218,1e-06,0.10099999999999999,0.218,163.805,spotify:track:6NdL165hAxSKNnozIA2HDY,4,-0.4368257195923838,0.47797685700773945,6
TWIN XL,Good,0.617,0.9640000000000001,1,-3.5589999999999997,1,0.0355,0.113,0.000225,0.247,0.961,75.97800000000001,spotify:track:7sRdxkgNb3m3Ciai38ANmd,4,-0.5121680724674501,-0.5844819286910221,5
Delaney Jane,Throwback,0.613,0.731,8,-3.9930000000000003,1,0.0625,0.177,0.0,0.107,0.322,107.071,spotify:track:0O64j1yLdHg17XDfleKiYH,4,-0.23220178947890371,-0.003851848245825893,0
ayokay,Cassette,0.718,0.56,1,-6.739,0,0.0564,0.141,0.0,0.14800000000000002,0.292,75.031,spotify:track:3GweDldi2HrraUKLexWUeb,4,-0.04087445486127429,-0.14822338689583517,2
Bryce Vine,Drew Barrymore,0.758,0.574,11,-6.888999999999999,0,0.0572,0.46,0.0027199999999999998,0.102,0.261,151.985,spotify:track:7nvIPwXKGhqtRhssxM99kJ,4,0.12419335176679841,0.12257638315211107,4
Post Malone,I'm Gonna Be,0.746,0.5589999999999999,5,-4.008,1,0.0316,0.703,0.0,0.14800000000000002,0.368,117.943,spotify:track:1ckLp8lCl8LipXI0ypX72m,4,0.26474069340397394,-0.09962561585312604,2
lovelytheband,coachella,0.563,0.6459999999999999,2,-6.849,1,0.0312,0.0664,0.0008789999999999999,0.0877,0.28800000000000003,115.01299999999999,spotify:track:1bPJ6Ay1La8IYPCuCvQA7k,4,-0.21764689190433778,0.13185951319315034,0
Kid Travis,Strawberry Skies,0.65,0.462,11,-6.5889999999999995,0,0.0891,0.366,0.0,0.159,0.65,89.887,spotify:track:2p1onANhkUkyMZKKigOUJu,4,0.11755515407716484,-0.2865124707951545,2
Bryce Vine,San Junipero,0.6890000000000001,0.7020000000000001,2,-5.278,1,0.0356,0.203,0.0005200000000000001,0.145,0.562,98.01799999999999,spotify:track:2Z8WXN2oV5dzxTWjscQQr2,4,-0.18910213036629822,-0.2444642596799869,5
Post Malone,Hollywood's Bleeding,0.405,0.6459999999999999,4,-3.2060000000000004,0,0.0476,0.331,0.0,0.10300000000000001,0.17,130.218,spotify:track:7sWRlDoTDX8geTR8zzr2vt,4,-0.11555611099891579,0.3496099869808175,6
lovelytheband,broken - Cash Cash Remix,0.49700000000000005,0.747,11,-3.112,0,0.0894,0.0259,0.0,0.0697,0.355,140.81,spotify:track:5W0vgRE9B23TZDj5B7pRUO,4,-0.42225854009052116,0.1913450177873432,6
lovelytheband,stupid mistakes,0.6970000000000001,0.713,0,-6.567,1,0.0265,0.133,0.008620000000000001,0.23,0.529,128.974,spotify:track:3yGZzSxHvvQKwMsAtFfNF5,4,-0.25319557254991854,-0.09911557045992868,0
Talos,See Me,0.436,0.6609999999999999,0,-6.034,1,0.0353,0.247,1.77e-05,0.105,0.149,168.043,spotify:track:4akuE3uBD4t5HTXaAEm88t,4,-0.16338019091813905,0.5104471471511418,6
ILLENIUM,Good Things Fall Apart (with Jon Bellion),0.643,0.603,2,-5.416,1,0.0311,0.012,0.0,0.11800000000000001,0.42,144.01,spotify:track:3LxG9HkMMFP0MZuiw3O2rF,4,-0.29765473243059964,0.0901491424622687,0
Jason Ross,Letting Go (with RUNN),0.36700000000000005,0.688,4,-6.11,1,0.0465,0.16699999999999998,1.18e-06,0.0916,0.21899999999999997,149.636,spotify:track:6XxrZcC4CnlJy1qyYrrxqZ,4,-0.23732956723538096,0.44598404160514415,6
Valley,Swim - Reprise,0.493,0.782,2,-6.968,1,0.0353,0.0187,1.88e-05,0.321,0.314,104.941,spotify:track:4eVE7ruYH5dNGYKT2jd5So,4,-0.3520010877323847,0.10647584418903529,0
Lennon Stella,Kissing Other People,0.691,0.662,2,-5.941,1,0.0738,0.5479999999999999,2.43e-06,0.11900000000000001,0.299,94.02799999999999,spotify:track:4WjTbrxOPvSwQlajlE4aXH,4,0.1598592466882769,-0.10096596545397754,2
Boy In Space,7UP,0.616,0.469,0,-7.38,1,0.027000000000000003,0.0167,0.0,0.111,0.233,135.035,spotify:track:4cB00WOFuQFLoDpnydcx8c,4,-0.13499841480791425,0.23276966644866223,0
Quinn XCII,U & Us,0.605,0.73,4,-7.871,1,0.0425,0.087,0.0026899999999999997,0.187,0.263,130.025,spotify:track:6SL7KzIA96f0HiKjuv7tED,4,-0.24266735567162429,0.1632521124373573,0
LANY,pink skies,0.7190000000000001,0.631,5,-6.6160000000000005,1,0.0433,0.266,7.69e-06,0.134,0.466,103.96799999999999,spotify:track:6BZ6pl5bczDc3cMF1kBaOy,4,-0.053739953527037004,-0.16707110765301414,2
Galantis,Runaway (U & I),0.506,0.805,1,-4.119,1,0.0469,0.007109999999999999,0.00193,0.0856,0.38299999999999995,126.008,spotify:track:46lFttIf5hnUZMGvjK0Wxo,4,-0.45150331417399675,0.11704125379642887,6
Mike Perry,Lighthouse,0.5429999999999999,0.875,1,-3.033,1,0.032,0.0795,1.07e-05,0.061,0.244,154.936,spotify:track:4AM3fxgUBkEUO6xScrmB9a,4,-0.47229519247869617,0.2774018913820186,6
Seven Lions,First Time (feat. Dylan Matthew),0.42200000000000004,0.677,11,-5.76,1,0.0365,0.251,3.55e-06,0.16,0.146,150.131,spotify:track:27YD36FUikKxbp3bKSiKGZ,4,-0.1618222706315749,0.4475475517005811,6
Seven Lions,First Time (feat. Dylan Matthew) - Acoustic,0.5579999999999999,0.337,10,-8.414,1,0.0311,0.92,2.34e-06,0.159,0.397,143.784,spotify:track:4s9Na0ywXodZXScgvXmJop,4,0.6020253828890012,0.17263482926217136,1
Lauv,For Now,0.5329999999999999,0.226,7,-12.186,1,0.0416,0.7829999999999999,7.32e-06,0.113,0.111,83.588,spotify:track:0PxJmAlyKcRdd1r9FvDbTn,4,0.7539437211741087,0.1981280618352313,1
Jai Wolf,Better Apart (feat. Dresage),0.489,0.703,4,-4.564,0,0.026000000000000002,0.013000000000000001,6.04e-05,0.10400000000000001,0.256,149.977,spotify:track:1TFC1wutiIHQQ9buf8bxQI,4,-0.386244025950504,0.3269041242223014,6
Lauv,Lonely Eyes,0.586,0.499,2,-7.005,1,0.0267,0.0418,0.0,0.0994,0.369,95.014,spotify:track:5qhHm4dN4L2dhRb2TfzGPw,4,-0.1262619434500407,0.00298899875915297,0
Martin Garrix,Used To Love (with Dean Lewis),0.6509999999999999,0.693,4,-4.7219999999999995,1,0.0375,0.45799999999999996,0.0,0.335,0.392,118.97,spotify:track:7pWK1kMgHy5lNNiIfuRbkP,4,-0.015333039872356421,-0.044547046452604745,0
Lauv,Changes,0.532,0.455,2,-8.366,1,0.156,0.452,0.0,0.237,0.204,148.18200000000002,spotify:track:7cDpMO5wuWgvv3j4INRBeB,4,0.22211103793456102,0.32213541763918885,4
Bryce Vine,La La Land (feat. YG),0.774,0.473,1,-5.122000000000001,0,0.0569,0.221,0.0,0.222,0.41600000000000004,97.95299999999999,spotify:track:4oM9DGUTrRaXJDypxxHztZ,4,0.005993337372289876,-0.1945186325781142,2
Felix Palmqvist,Think Of Me (feat. Loé),0.499,0.61,1,-4.48,1,0.031,0.606,1.8100000000000003e-05,0.0693,0.299,155.21200000000002,spotify:track:5uRjHOMFT16RS1f8ZNlkzm,4,0.10639362554695872,0.2891581429174595,4
X Ambassadors,HOLD YOU DOWN,0.5770000000000001,0.627,1,-5.553,0,0.0533,0.0491,1.24e-06,0.0766,0.446,78.96,spotify:track:3Tiv2bF1OLCXXnuXaDKaG3,4,-0.22280612031285668,-0.13420753173570527,0
Bryce Vine,Nowhere Man,0.634,0.677,8,-6.6979999999999995,1,0.0336,0.10099999999999999,1.9699999999999998e-05,0.0576,0.33,122.035,spotify:track:4Y778EFdrOrvILkY3k4FXO,4,-0.2158047817261174,0.06947977953588357,0
Bryce Vine,Sunflower Seeds,0.723,0.593,10,-5.816,1,0.0308,0.19399999999999998,5.3500000000000006e-05,0.217,0.273,92.985,spotify:track:4MJfCOcc2PpWOrUqOpvy1S,4,-0.06599610430375147,-0.08090185901102227,0
Bryce Vine,Los Angeles,0.728,0.812,1,-6.099,0,0.0671,0.121,0.0,0.293,0.8240000000000001,150.093,spotify:track:0GJnCFj7z7hvxo7AKX1PM8,4,-0.38846643685481663,-0.26505758788501005,5
Troye Sivan,YOUTH - Gryffin Remix,0.56,0.66,4,-6.263999999999999,0,0.0406,0.0796,0.00925,0.0989,0.36700000000000005,103.97399999999999,spotify:track:0fQ9O8i6Hw2VFMW7i1Tgav,4,-0.2277446041349044,0.02965972461357477,0
The Wanted,Glad You Came,0.61,0.841,7,-4.579,0,0.0692,0.055999999999999994,9.85e-06,0.11800000000000001,0.431,126.889,spotify:track:3AGOgQzp0YcPH41u9p7dOp,4,-0.4169941262879205,-0.0026048028834836385,5
Eric Reprid,June Blues,0.941,0.551,1,-5.659,0,0.0534,0.331,2.97e-05,0.106,0.7020000000000001,98.014,spotify:track:4WvApvScQ8ofzDIqgpScmb,4,0.03642978788096509,-0.52293640406978,2
Bren Joy,Pocket,0.516,0.682,3,-6.545,0,0.0535,0.096,0.0,0.107,0.39299999999999996,153.996,spotify:track:6VbkpKQxghXolaaY4gS61D,4,-0.2830249103055024,0.23540817515381207,6
Wallows,Are You Bored Yet? (feat. Clairo),0.682,0.6829999999999999,8,-6.444,0,0.0287,0.156,2.3199999999999998e-05,0.273,0.64,120.023,spotify:track:57RA3JGafJm5zRtKJiKPIm,4,-0.22943463081109156,-0.19720926348784953,5
Timeflies,Nobody Has to Know,0.725,0.57,4,-4.06,1,0.106,0.723,0.0,0.085,0.23800000000000002,146.233,spotify:track:4iaPzRl9XegHsNdZfuHWFD,4,0.2805609372765906,0.09900166277356422,4
Timeflies,Gravity,0.68,0.6659999999999999,10,-5.6979999999999995,1,0.0441,0.0217,0.0,0.125,0.501,74.0,spotify:track:4eCe46kZbdcdHeWhjZww8I,4,-0.2569550186704645,-0.27304230497489207,5
Social House,Magic In The Hamptons (feat. Lil Yachty),0.769,0.479,1,-5.3389999999999995,1,0.0385,0.66,0.0,0.0914,0.8029999999999999,96.051,spotify:track:2Yer0p7uB2lVBUAtANuuQp,4,0.27979684205430694,-0.47206090407838464,2
Social House,Love Me Back,0.5589999999999999,0.43700000000000006,3,-10.27,1,0.0311,0.585,0.0,0.10099999999999999,0.43,157.991,spotify:track:0Vs8BRdNnyuk0QXWPWvICK,4,0.3093678099293922,0.22595733249813682,4
Russ,"Psycho, Pt. 2",0.7659999999999999,0.5479999999999999,10,-4.29,1,0.235,0.775,5.57e-06,0.1,0.424,82.944,spotify:track:26OhjtaTamFocE08t83ml6,4,0.41318111521441336,-0.32773808712366514,3
Rex Orange County,Sunflower,0.384,0.765,6,-4.463,1,0.0579,0.6459999999999999,0.00352,0.522,0.5670000000000001,129.903,spotify:track:4EpZ4eYuZOwPSSwyqpdHnJ,4,-0.007581849886808996,0.05582060664693661,0
Quinn XCII,Flare Guns,0.812,0.47200000000000003,1,-6.806,0,0.0603,0.26,0.0,0.285,0.457,92.95100000000001,spotify:track:7cM9Kqto11iJpY2RwgVJSq,4,0.07373245617136436,-0.26472310821954304,2
PRETTYMUCH,Phases,0.77,0.636,11,-6.724,0,0.131,0.16899999999999998,0.0,0.0676,0.49200000000000005,105.93,spotify:track:3je88Q4OvTqIx7BFRFYvRA,4,-0.10103402899377639,-0.22615346968135125,2
Prelow,Backseat,0.706,0.5589999999999999,1,-6.565,1,0.0339,0.0126,2.49e-06,0.051,0.46799999999999997,102.00299999999999,spotify:track:2UoBCvP9e34TJ4RSPUXomc,4,-0.1955325500393123,-0.13824474692489302,0
Post Malone,Sunflower - Spider-Man: Into the Spider-Verse,0.76,0.479,2,-5.574,1,0.0466,0.556,0.0,0.0703,0.9129999999999999,89.911,spotify:track:3KkXRkHbMCARz0aVfEt68P,4,0.1992223021901002,-0.5560816754855892,2
Post Malone,Wow.,0.8290000000000001,0.539,11,-7.359,0,0.20800000000000002,0.136,1.78e-06,0.10300000000000001,0.38799999999999996,99.96,spotify:track:7xQAfvXzm3AkraOtGPWIZg,4,-0.002200483477569992,-0.2243287872532752,2
Post Malone,rockstar (feat. 21 Savage),0.585,0.52,5,-6.136,0,0.0712,0.124,7.01e-05,0.131,0.129,159.80100000000002,spotify:track:0e7ipj03S05BNilyu5bRzt,4,-0.1194684843013623,0.39218358040737483,6
Post Malone,Rich & Sad,0.599,0.5710000000000001,2,-4.998,1,0.0665,0.198,0.0,0.0969,0.285,151.974,spotify:track:2VdT56BGpdqNHUgOe1j5vc,4,-0.133136269952381,0.23048586637498739,0
Post Malone,Otherside,0.652,0.643,9,-5.667000000000001,0,0.0353,0.318,2.87e-06,0.20800000000000002,0.109,104.932,spotify:track:4qWCFTuNnmGNdY4egtb4ZY,4,-0.007373140764285029,0.11631516559011688,0
Post Malone,Circles,0.695,0.762,0,-3.497,1,0.0395,0.192,0.00244,0.0863,0.5529999999999999,120.042,spotify:track:21jGcNKet2qwijlDFuPiPb,4,-0.2902010616942887,-0.17527380803263898,5
Mokita,Til I Don't,0.7659999999999999,0.39399999999999996,0,-7.4510000000000005,1,0.0637,0.0582,0.005229999999999999,0.27899999999999997,0.816,160.079,spotify:track:6TSlbHp7Vx4wZ0Rqciwn5v,4,-0.1387269018440422,-0.185654980775482,0
Lostboycrow,Devil's in the Backseat,0.642,0.5579999999999999,5,-8.401,0,0.0693,0.16399999999999998,0.0,0.142,0.51,156.053,spotify:track:52hSR5CsLyziuwpZQqd9wI,4,-0.11072545457292161,0.08612163900170455,0
Loote,85%,0.574,0.6509999999999999,7,-7.585,1,0.046,0.34600000000000003,0.0,0.149,0.368,140.017,spotify:track:5teOR8KU4XNWY2WlVUDiIR,4,-0.03210027168833838,0.14990874549930064,0
Lauv,Sad Forever,0.527,0.5379999999999999,5,-7.434,1,0.10400000000000001,0.46799999999999997,0.0,0.0825,0.389,117.319,spotify:track:4a5zacCsHLtMC2mcxkqWwn,4,0.15894239581937805,0.08182163591044507,4
Lauv,Sims,0.529,0.39799999999999996,2,-8.238,1,0.38799999999999996,0.643,0.0,0.0637,0.5670000000000001,99.714,spotify:track:7IE989Ftunp6k2LdMsFC5r,4,0.45883575036615093,-0.15058156562081784,3
Kygo,Raging (feat. Kodaline),0.55,0.6890000000000001,3,-7.76,0,0.094,0.0498,0.0,0.207,0.408,99.904,spotify:track:6DsFZITJMPnh8z5XewfVmL,4,-0.232720843356308,-0.012583559107468327,0
Khalid,Young Dumb & Broke,0.7979999999999999,0.539,1,-6.351,1,0.0421,0.19899999999999998,1.66e-05,0.165,0.39399999999999996,136.94899999999998,spotify:track:5Z3GHaZ6ec9bsiI5BenrbY,4,-0.06225191611892435,-0.04072946652831036,0
Khalid,OTW,0.652,0.6779999999999999,2,-6.183,1,0.0541,0.183,3.26e-05,0.106,0.28,72.98899999999999,spotify:track:6Hgh47WXVKtXN5zGOu0hjI,4,-0.10294721951577955,-0.11494596301860907,0
Clueless Kit,I'm Not Sober,0.667,0.541,2,-7.247000000000001,1,0.0425,0.49700000000000005,2.76e-06,0.0979,0.327,108.95200000000001,spotify:track:4eNHyE1TnZ71EKADVixS9q,4,0.19805100981049703,-0.009616475254064609,4
Russ,Nobody Knows,0.715,0.71,4,-9.504,1,0.43200000000000005,0.445,0.00028399999999999996,0.10300000000000001,0.526,162.043,spotify:track:1pNAf6W7POwjOD8x8mWf8G,4,0.1138920506692238,-0.05602553389058038,2
Clueless Kit,Not You (feat. Kora),0.47,0.349,0,-11.327,1,0.375,0.395,4.4e-05,0.127,0.264,72.32600000000001,spotify:track:69R5AoRQjNVSDemDFhKZOj,4,0.42706199297121006,0.033784687681515414,3
FINNEAS,Let's Fall in Love for the Night,0.737,0.408,5,-7.941,1,0.10400000000000001,0.802,0.0,0.171,0.374,127.921,spotify:track:7kQkmyoHCEqwe7QwDbkSXM,4,0.5220982583891979,-0.033461498421277665,3
Brent Faiyaz,Gang Over Luv,0.7809999999999999,0.27699999999999997,8,-9.35,1,0.326,0.0408,0.000339,0.0754,0.302,163.987,spotify:track:7LaI3mRTJu66r9HKdv7iBx,4,0.10762632284495985,0.14681565686299478,4
keshi,skeletons,0.7190000000000001,0.265,2,-12.782,1,0.0754,0.29600000000000004,0.0865,0.10800000000000001,0.273,80.021,spotify:track:2BuJrxYKhYky20dQqTlobO,4,0.3955571283500797,-0.05002437005180514,3
keshi,summer,0.7170000000000001,0.45299999999999996,8,-9.394,1,0.0532,0.14400000000000002,0.0,0.12,0.483,85.005,spotify:track:0LqCvXVNvcnkq78sCQsoO0,4,0.04850853547664245,-0.20414098499649358,2
Jon Bellion,Blu,0.384,0.465,0,-8.554,1,0.0341,0.29,2.22e-05,0.359,0.636,131.60399999999998,spotify:track:4FUDWkguOUVpLRAVn5C20z,4,-0.003126408403571244,0.11184514474229838,0
Jon Bellion,Guillotine,0.574,0.8029999999999999,4,-3.17,0,0.18600000000000003,0.102,4.15e-06,0.0861,0.647,97.96700000000001,spotify:track:2FK1qmw8XNBqUe5CcgTVnE,4,-0.36462514976900157,-0.26113722635572034,5
Joji,TEST DRIVE,0.6459999999999999,0.648,3,-8.602,1,0.0372,0.71,0.00316,0.10800000000000001,0.466,75.00399999999999,spotify:track:1DMEzmAoQIikcL52psptQL,4,0.3249044719253699,-0.23263194933535983,3
Joji,Run,0.447,0.72,7,-3.9539999999999997,1,0.0332,0.0416,0.000297,0.614,0.36200000000000004,157.892,spotify:track:6p8eEdiZLKJH8tcjGZuNTK,3,-0.4379903562952621,0.2888995968876335,6
Joji,Sanctuary,0.552,0.65,1,-7.199,1,0.128,0.42200000000000004,0.000275,0.37200000000000005,0.316,167.78799999999998,spotify:track:3xaugmCyXrVkrDTXbFkMW3,4,0.003170080606928095,0.27706471288734213,4
88rising,Head In The Clouds,0.516,0.456,9,-9.242,1,0.0397,0.281,1.27e-05,0.0847,0.23800000000000002,145.843,spotify:track:3kYARoLSAvt86VFZ55BQcq,4,0.08580185658385062,0.3476324099161335,4
Jeremy Zucker,talk is overrated,0.7759999999999999,0.353,4,-8.317,0,0.0687,0.435,0.0,0.302,0.6579999999999999,138.035,spotify:track:7cflqPPi3zWfLFRRBTWeh6,4,0.23334865971443192,-0.184281782856024,2
Jeremy Zucker,Flying Kites,0.726,0.46,5,-5.33,1,0.0758,0.932,1.73e-05,0.0731,0.665,143.737,spotify:track:0yjdEwkPYbhCXN6uCedpVu,4,0.4684873287970482,-0.18084687451253229,3
Jeremy Zucker,comethru,0.795,0.17800000000000002,0,-11.991,1,0.0574,0.607,0.0,0.623,0.608,93.98200000000001,spotify:track:18uwL0vNUanqZH0ro2QcOP,4,0.5904176172284991,-0.30959205228691955,3
HONNE,Warm on a Cold Night,0.342,0.609,8,-5.68,1,0.0943,0.185,0.0005200000000000001,0.0799,0.401,82.98899999999999,spotify:track:5pJPgy2jGvvNUNfHPvG3Zp,4,-0.13103569597124803,0.08210414959555111,0
benny blanco,Eastside (with Halsey & Khalid),0.56,0.68,6,-7.648,0,0.321,0.555,0.0,0.11599999999999999,0.319,89.391,spotify:track:0d2iYfpKoM0QCKvcLCkBao,4,0.2302799806262212,-0.07053562228980215,2
gianni & kyle,wave,0.7440000000000001,0.43,7,-9.835,1,0.162,0.262,0.0,0.10400000000000001,0.28600000000000003,89.993,spotify:track:3YTqCVdqwsql9yQKshguT6,4,0.21458932101029052,-0.09547298010005839,2
gianni & kyle,jealous,0.8320000000000001,0.643,7,-6.035,0,0.127,0.27399999999999997,0.0,0.0983,0.39299999999999996,135.007,spotify:track:7lKNg20fAXWXgrr9ZmVdEE,4,-0.05013124284780454,-0.1073902393810532,0
gianni & kyle,how u get,0.867,0.6579999999999999,11,-5.242000000000001,1,0.21899999999999997,0.38,0.0,0.142,0.608,101.969,spotify:track:7kMFvJUNKfQaOFxN4kXa68,4,0.031186010821712542,-0.44018423312650573,2
gianni & kyle,do u even miss me at all?,0.8190000000000001,0.519,10,-7.16,0,0.0768,0.384,0.0,0.0898,0.452,100.039,spotify:track:1AHf5FSofKcUw8tyKkccKF,4,0.1493832947489448,-0.24482396896427872,2
gianni & kyle,5 shots,0.9179999999999999,0.449,1,-5.702000000000001,1,0.0605,0.124,0.0,0.0595,0.48100000000000004,91.978,spotify:track:0znCw9dSfsrBGUtxAzd9kD,4,-0.012200246466549637,-0.3553858454166753,2
EXES,Peckham,0.5920000000000001,0.495,9,-7.89,1,0.0446,0.581,0.00043,0.134,0.226,114.925,spotify:track:7AhqAjYc1F7x3yURlb0dkj,4,0.29978014693344157,0.14331591410781,4
COIN,"Don't Cry, 2020",0.527,0.867,9,-5.854,1,0.145,0.0132,0.00035800000000000003,0.612,0.184,128.04,spotify:track:69yWHw7ZdTfYnpk67pdj3a,4,-0.42005248514070564,0.2048629048076511,6
Hoodie Allen,Come Around,0.726,0.727,9,-4.919,1,0.0969,0.363,0.0,0.231,0.815,77.543,spotify:track:2zkhW5YaOPPaPgNWXmjTjF,4,-0.09233418922249671,-0.5525059019056278,2
The Chainsmokers,Paris,0.6459999999999999,0.644,2,-6.763,1,0.031,0.0243,0.0,0.0888,0.251,99.999,spotify:track:15vzANxN8G9wWfwAJLLMCg,4,-0.21619130712403167,0.035859117212738364,0
The Chainsmokers,All We Know (feat. Phoebe Ryan),0.662,0.586,0,-8.821,1,0.0307,0.09699999999999999,0.0027199999999999998,0.115,0.29600000000000004,90.0,spotify:track:2rizacJSyD9S1IQUxUxnsK,4,-0.07668981611792725,-0.02926232286539976,0
BROCKHAMPTON,SUMMER,0.49700000000000005,0.55,8,-6.13,1,0.0257,0.847,0.049,0.11900000000000001,0.542,79.955,spotify:track:66dQdXAbtuPdSasezCQVZE,4,0.3975260630120559,-0.15900336311735835,3
BROCKHAMPTON,NO HALO,0.643,0.573,4,-7.034,1,0.0709,0.41,0.00016999999999999999,0.0695,0.47,165.192,spotify:track:694vvR5o19xHPhhJ5QdLN7,4,0.0341958076361405,0.12546658515630993,4
BROCKHAMPTON,SUGAR,0.45299999999999996,0.5379999999999999,1,-8.212,1,0.0638,0.449,0.0,0.19,0.516,122.973,spotify:track:6U0FIYXCQ3TGrk4tFpLrEA,4,0.11141782399800067,0.0861961191091708,4
BROCKHAMPTON,GINGER,0.748,0.715,2,-5.1370000000000005,1,0.0451,0.249,0.0369,0.16399999999999998,0.226,130.08700000000002,spotify:track:1Uo7reO6I2yQ1q36ZPuNf7,4,-0.14036501868365472,0.051368145233716224,0
Bren Joy,Twenties,0.6759999999999999,0.586,0,-6.412000000000001,1,0.0716,0.177,0.0,0.0461,0.602,88.01,spotify:track:5GI6QmVQewXzKDtIf4pPY8,4,-0.09414395336619995,-0.27967047266998774,2
Bren Joy,Sweet,0.638,0.732,0,-6.852,1,0.0914,0.17300000000000001,0.0,0.0681,0.5529999999999999,78.017,spotify:track:0dMahcyqbfmUiWUL9xiLmg,4,-0.16766001944220763,-0.27524771874937004,2
Bren Joy,Henny in the Hamptons,0.633,0.635,1,-6.7860000000000005,0,0.11800000000000001,0.623,0.0,0.207,0.46399999999999997,87.927,spotify:track:4kWfgyx4baqZctv8N3zxwt,4,0.2313992167926148,-0.19759728902103713,2
BØRNS,Electric Love,0.611,0.797,6,-7.627000000000001,0,0.0533,0.00543,0.00137,0.26,0.518,120.041,spotify:track:2GiJYvgVaD2HtM8GqD9EgQ,4,-0.3779780049873431,-0.0617923346211739,5
blackbear,Idfc,0.63,0.5,1,-8.755,0,0.0611,0.611,4.04e-05,0.114,0.315,144.871,spotify:track:6y6jbcPG4Yn3Du4moXaenr,4,0.3038293880691982,0.17094942115994757,4
blackbear,hot girl bummer,0.778,0.5589999999999999,6,-7.109,0,0.0776,0.128,0.0,0.39899999999999997,0.6779999999999999,129.989,spotify:track:7aiClxsDWFRQ0Kzk5KI5ku,1,-0.15037744167152273,-0.252783088111183,2
ayokay,Stay With Me (feat. Jeremy Zucker),0.695,0.695,2,-6.612,1,0.0706,0.489,0.00018999999999999998,0.131,0.46799999999999997,100.021,spotify:track:65Bynqyt59f3fojjs1Uo41,4,0.07726296602170575,-0.19039579521658825,2
ayokay,Sleepless Nights (feat. Nightly),0.6629999999999999,0.696,11,-5.994,1,0.0349,0.0563,6.25e-06,0.226,0.449,139.98,spotify:track:4PUWpNtDejQwwa80LjvxXl,4,-0.3138376838510249,0.02449362319618624,0
Axwell /\ Ingrosso,More Than You Know,0.6459999999999999,0.741,5,-4.973,0,0.034,0.0275,0.0,0.312,0.5710000000000001,123.07700000000001,spotify:track:6h5PAsRni4IRlxWr6uDPTP,4,-0.3922908391555273,-0.12381748299725386,5
Anthony Russo,California,0.736,0.493,10,-7.224,1,0.0592,0.265,0.0,0.247,0.364,141.997,spotify:track:6ae29ZzSPYq61ARnOn3CGh,4,0.025256495897833114,0.04849323692199341,0
COIN,Atlas,0.38,0.769,6,-5.572,0,0.0748,0.007409999999999999,3.86e-06,0.163,0.562,174.22299999999998,spotify:track:7HbTWMc28PYvjltuhArnKG,4,-0.48866484378184716,0.2872034624859171,6
COIN,Crash My Car,0.244,0.645,5,-5.8629999999999995,1,0.0456,0.0017800000000000001,0.0057399999999999994,0.301,0.529,183.577,spotify:track:0X5mtNbqxbiTYkwj0CQc2f,5,-0.4444786311131799,0.4692570655473271,6
COIN,Talk Too Much,0.598,0.888,4,-5.119,1,0.0807,0.009470000000000001,0.0,0.34700000000000003,0.48200000000000004,103.96600000000001,spotify:track:4djIFfof5TpbSGRZUpsTXq,4,-0.46346691692341146,-0.12731822780854612,5
Death Cab for Cutie,Summer Years,0.556,0.902,11,-6.087000000000001,0,0.0333,0.215,0.35700000000000004,0.109,0.8490000000000001,152.25,spotify:track:7znbs5T41Li5UBiVGhEACQ,4,-0.40977179447442313,-0.1412525292115949,5
Death Cab for Cutie,Northern Lights,0.514,0.95,4,-3.807,0,0.0298,0.00575,0.00238,0.134,0.665,137.975,spotify:track:28QF5ELXqDnaBjPjGTlzAK,4,-0.6110858286158323,-0.05056982262010076,5
flor,back again,0.636,0.597,8,-6.8839999999999995,0,0.0279,0.11800000000000001,0.00283,0.124,0.639,84.979,spotify:track:1J5rHMEvQFpM07iLULi48A,4,-0.1575050073098153,-0.27431578686805597,2
flor,hold on,0.609,0.872,8,-4.72,1,0.0447,0.0483,0.0009710000000000001,0.11900000000000001,0.534,111.96700000000001,spotify:track:6RtRxaZN5RMWFbeZW24oRx,4,-0.4455734077593222,-0.12620158085199634,5
flor,dancing around,0.726,0.657,10,-7.066,0,0.0327,0.00765,0.000248,0.0975,0.629,114.99600000000001,spotify:track:5UAOuU3YK9xo76vtrhyDng,4,-0.28828745777834736,-0.22159595644229052,5
flora cash,Missing Home,0.608,0.728,11,-6.612,1,0.0393,0.33899999999999997,4.6200000000000005e-05,0.0741,0.24600000000000002,89.994,spotify:track:29j2Y1N3vpyvm385G4TFSS,4,-0.032010424969937466,0.0005361543192980616,0
HONNE,Me & You ◑,0.769,0.546,0,-8.27,0,0.0387,0.645,0.000231,0.0948,0.603,120.22,spotify:track:1ITJTMrS4cx8zdlI7DdSoo,4,0.2895888520938032,-0.2316810780321165,2
HONNE,Day 1 ◑,0.503,0.581,6,-7.007000000000001,1,0.0881,0.21,0.000708,0.257,0.633,94.555,spotify:track:6ZzYETKetIfNUsZUb23jgG,4,-0.09635781340284318,-0.14932175056613486,0
HONNE,Location Unknown ◐,0.682,0.65,5,-7.231,1,0.0457,0.21600000000000003,9.48e-06,0.0947,0.37799999999999995,109.986,spotify:track:6A1GBCMwbfhkB9e1thR8a8,4,-0.08750507561032189,-0.05007610736808848,0
HONNE,Crying Over You ◐,0.385,0.62,1,-8.316,0,0.147,0.0815,0.0,0.35200000000000004,0.415,75.564,spotify:track:7i1pavASRUZk62ejaUIESa,4,-0.1471660876937025,0.011176606326696285,0
joan,i loved you first,0.556,0.276,0,-9.603,1,0.0269,0.0862,6.89e-06,0.0999,0.21600000000000003,75.02,spotify:track:3FpEXAupLwCHwzeUBxF99S,4,0.14365865107877726,0.09438622641374694,4
joan,love somebody like you,0.5770000000000001,0.8540000000000001,7,-3.7539999999999996,1,0.0473,0.0596,2.6899999999999997e-05,0.205,0.336,94.999,spotify:track:0ltO5bci13M68sTnEctBxR,4,-0.4074103340142557,-0.04305678379507341,5
joan,tokyo,0.631,0.7859999999999999,9,-5.267,1,0.0353,0.00716,0.0,0.12,0.7609999999999999,102.027,spotify:track:2k7GyFSbErjCvk1QlTChxL,4,-0.43029542451684266,-0.31583683083798764,5
LANY,ILYSB,0.636,0.623,5,-7.016,1,0.0603,0.46799999999999997,0.004529999999999999,0.35100000000000003,0.389,100.02600000000001,spotify:track:2btKtacOXuMtC9WjcNRvAA,4,0.10755938899460912,-0.08555643737218008,2
LANY,I Don't Wanna Love You Anymore,0.7020000000000001,0.623,0,-8.36,1,0.0417,0.322,0.0,0.0858,0.503,104.97399999999999,spotify:track:7ArrTJ1LwcGAlEO65LUQ7i,4,0.02193120606115283,-0.16255994563943674,2
LANY,Malibu Nights,0.5589999999999999,0.42200000000000004,11,-11.89,1,0.195,0.701,1.99e-06,0.0853,0.191,74.002,spotify:track:0Eqg0CQ7bK3RQIMPw1A7pl,4,0.5996272983708987,0.03591501221610956,3
The Lumineers,Sleep On The Floor,0.389,0.431,7,-8.061,1,0.0344,0.249,0.0,0.13,0.275,142.14,spotify:track:5MMZJtHOiH1RmQSSe3DJdg,4,0.029791668040520296,0.40340207914905096,4
Nightly,the movies,0.6509999999999999,0.87,11,-4.8180000000000005,1,0.0262,0.0773,1.12e-05,0.0852,0.8109999999999999,109.984,spotify:track:4RR9tI04ScTvVBCVTyTzhy,4,-0.45511242388284406,-0.3481661896335195,5
Lost Frequencies,Are You With Me - Radio Edit,0.763,0.61,5,-8.094,0,0.0355,0.275,2.71e-05,0.12,0.392,121.031,spotify:track:62nhuooamoroYpJyqE0nLd,4,-0.004237203381337488,-0.07132956984180876,0
Said the Sky,Erase Me,0.528,0.61,5,-6.564,1,0.0287,0.376,7.32e-05,0.21100000000000002,0.304,130.11,spotify:track:0AISJtBDtZXgB2fuvcjQEN,4,0.0013746368594961971,0.18770296357529165,4
ODESZA,Falls (feat. Sasha Sloan),0.294,0.6970000000000001,6,-6.029,1,0.128,0.0398,0.00011,0.136,0.183,160.566,spotify:track:6oNZ0WxqptE7V0qpjtyJ4a,4,-0.33888881083053524,0.5564843044059717,6
FLETCHER,Undrunk,0.613,0.579,5,-6.484,1,0.0833,0.489,0.0,0.126,0.551,91.863,spotify:track:1Pj5oOFzLYELyyeh1IYRK0,4,0.13732325175216803,-0.20278474316897258,2
Marc E. Bassy,Just My Luck,0.617,0.64,8,-5.601,1,0.042,0.28300000000000003,1.02e-06,0.16399999999999998,0.34600000000000003,156.98,spotify:track:2QsBAfiNmngcrZsOTznqBG,4,-0.12217931568929896,0.1880867150764739,0
Calvin Harris,Summer,0.596,0.856,4,-3.556,0,0.0346,0.0211,0.0178,0.141,0.743,127.949,spotify:track:6YUTL4dYpB9xZO5qExPf05,4,-0.5312779736284376,-0.19800537955578068,5
Boy In Space,Cold,0.711,0.41200000000000003,9,-6.827000000000001,1,0.0445,0.184,0.0,0.0546,0.18600000000000003,130.015,spotify:track:5jYe1mOKg5zUx0enf1DOdz,4,0.04806471111604978,0.1635989491221521,4
Oh Wonder,Happy,0.698,0.516,6,-8.472000000000001,1,0.0331,0.45399999999999996,0.0,0.0922,0.516,101.979,spotify:track:64oxZ8Ma5HAWV04LAI2KwT,4,0.19035572898289574,-0.171689930453999,2
Jeremy Zucker,not ur friend,0.8009999999999999,0.272,4,-10.564,1,0.415,0.302,0.0,0.40700000000000003,0.648,68.965,spotify:track:1g8illkxDpZ9oHckc7NovJ,4,0.38870499114984647,-0.5054268717566845,2
Carlie Hanson,Back in My Arms,0.5429999999999999,0.7809999999999999,1,-4.854,0,0.0988,0.0879,0.0,0.0868,0.522,150.174,spotify:track:1FlAMUpKrjY4NdaqsXjl1w,4,-0.3872579472325743,0.08141157416239723,0
keshi,2 soon,0.517,0.6629999999999999,6,-6.688,0,0.0375,0.146,0.0,0.322,0.146,174.032,spotify:track:5SlU0Yhi51jobhEiGE4xDv,4,-0.2282175522935928,0.47290726009112893,6
The Chainsmokers,Roses (feat. ROZES) - Zaxx Remix,0.677,0.8809999999999999,1,-3.534,0,0.054000000000000006,0.00445,0.0146,0.359,0.5660000000000001,128.121,spotify:track:5MgBUUjbkQ27Kd9CbeZFLo,4,-0.5272288941544983,-0.15680556693525835,5
Christian French,superstars,0.312,0.614,8,-6.0729999999999995,1,0.0466,0.0589,0.0,0.0898,0.35600000000000004,205.37900000000002,spotify:track:0TqaX16qLpX7YqFcAl9lDy,4,-0.35552945490261384,0.6272546412157547,6
88rising,Midsummer Madness,0.409,0.6779999999999999,9,-7.731,1,0.0878,0.359,4.76e-06,0.16699999999999998,0.168,89.96799999999999,spotify:track:6TodWdTSDfzwgYynTZSvJn,4,0.027329921714779996,0.20715224030738666,4
Rich Brian,100 Degrees,0.7559999999999999,0.648,0,-5.287000000000001,1,0.0731,0.11800000000000001,0.0,0.515,0.657,80.979,spotify:track:2ZDpSQfBdgkooeXw6oj3Uz,4,-0.20943992288892097,-0.43778787738850905,5
Beach House,Space Song,0.509,0.79,0,-7.105,0,0.0293,0.218,0.125,0.14400000000000002,0.625,147.07299999999998,spotify:track:0hNhlwnzMLzZSlKGDCuHOo,4,-0.28563366160570797,0.045650813488428844,0
Sun Rai,San Francisco Street,0.877,0.542,2,-9.102,1,0.0419,0.22399999999999998,0.132,0.0858,0.509,111.47399999999999,spotify:track:5pjWzUc1tVcewUTdDJd6Ce,4,0.036235410721357546,-0.25759589416042494,2
Oh Wonder,How It Goes,0.581,0.35100000000000003,6,-12.2,1,0.10400000000000001,0.867,0.00162,0.375,0.524,93.988,spotify:track:5Dpeoi8BLN4iWM0oaRU7C6,4,0.6767100700621147,-0.11941567770344097,3
Hollow Coves,These Memories,0.537,0.265,1,-18.229,1,0.0304,0.961,0.131,0.0676,0.384,77.471,spotify:track:28sWYevC75ZrUMJ0tD4zWM,4,0.9529499844277067,0.019230727046886612,1
Vance Joy,Riptide,0.484,0.731,1,-6.694,1,0.0379,0.431,0.0,0.151,0.51,101.654,spotify:track:3JvrhDOgAt6p7K8mDyZwRd,4,-0.03615625671345238,-0.042627075565745645,0
Phillip Phillips,Home,0.606,0.826,0,-6.04,1,0.0307,0.0256,1.56e-05,0.11699999999999999,0.322,121.04,spotify:track:4rsW3WCZBGwhHfJWuHRwyT,4,-0.3877654690827208,0.07239896948448124,0
Phillip Phillips,"Gone, Gone, Gone",0.664,0.642,6,-5.961,1,0.038,0.129,0.0,0.114,0.501,118.00200000000001,spotify:track:5L79aNYCTKiZq7vaOElXYj,4,-0.20463724253070167,-0.08984957329460885,0
The Lumineers,Ho Hey,0.685,0.466,0,-9.074,1,0.0304,0.794,2.06e-06,0.0915,0.353,79.936,spotify:track:0W4Kpfp1w2xkY3PrV714B7,4,0.5317950593615509,-0.14519932524420234,3
Vancouver Sleep Clinic,Ayahuasca,0.46299999999999997,0.228,4,-15.717,0,0.0338,0.7340000000000001,0.11,0.0691,0.0528,148.003,spotify:track:6oVm5ocTB8B0rjO5dZk8Px,4,0.7208794577763581,0.5710308322630484,1
Death Cab for Cutie,When We Drive,0.72,0.628,11,-8.759,0,0.0302,0.405,0.0201,0.311,0.524,103.57600000000001,spotify:track:3g2BcuGHf4zYPSxv1uoSmv,4,0.07766960850380471,-0.20544721443209593,2
Dream Easy Collective,Ultimately,0.7340000000000001,0.22,5,-17.295,1,0.226,0.8959999999999999,0.0,0.33899999999999997,0.625,106.977,spotify:track:0I0ZackSSk90oGUJtfKnJd,4,0.9153358068099806,-0.2298779929389907,3
Lostboycrow,Santa Fe,0.48200000000000004,0.37799999999999995,0,-10.448,0,0.0468,0.542,0.198,0.18899999999999997,0.401,187.834,spotify:track:0SzLEOsIqaVdThCSzvbgCy,3,0.2813923620356871,0.4249228029603745,4
Finding Hope,3:00 AM,0.5479999999999999,0.14800000000000002,0,-18.726,0,0.0419,0.557,0.000956,0.28600000000000003,0.0344,81.999,spotify:track:5HsSsEeP3hU9QSfHZrzbtA,4,0.7797171078657318,0.2914726681386929,1
Jeremy Zucker,thinking 2 much,0.667,0.371,6,-11.845,1,0.0476,0.7879999999999999,7.23e-06,0.0998,0.519,104.946,spotify:track:3X0J4QzAMCoyMZUSMCoVDw,4,0.5980509532143524,-0.11868161210243451,3
Oh Wonder,Plans,0.45799999999999996,0.298,0,-13.190999999999999,1,0.25,0.833,0.0599,0.0631,0.14400000000000002,76.575,spotify:track:5jOQ5v49S1h496AiNlk682,4,0.8083930826611744,0.16290382275190324,1
Gallant,Weight in Gold,0.38,0.43799999999999994,5,-5.526,0,0.0962,0.0259,1.29e-05,0.154,0.349,179.40400000000002,spotify:track:1gXBi2I04CLJkTQnhNfEJT,3,-0.22961370905583656,0.4854021111426514,6
Clueless Kit,Come to a Stop (feat. Kora),0.867,0.49200000000000005,0,-6.662999999999999,1,0.395,0.767,0.00409,0.102,0.542,160.031,spotify:track:169koB619bHoCZGLgAcDSX,4,0.45055858555517264,-0.19620343317527303,3
Catherine Feeny,Mr Blue,0.456,0.386,10,-10.293,1,0.032,0.835,0.10800000000000001,0.389,0.612,165.733,spotify:track:6ta5yavnnEfCE4faU0jebM,4,0.467443055014847,0.19471862918895821,1
Fialta,High Above Chicago,0.603,0.361,2,-9.335,1,0.0291,0.41600000000000004,0.00688,0.105,0.131,121.098,spotify:track:6brEbACn8gEJAZjbNQEElb,3,0.3006107017133961,0.2620496391877115,4
Oh Wonder,Without You,0.639,0.465,11,-7.247000000000001,0,0.0696,0.27,1.45e-06,0.124,0.319,86.994,spotify:track:0IVHlst3XMgzXUJbIyZ8oO,4,0.10345444463699449,-0.052118865984949074,2
Oh Wonder,Drive,0.657,0.456,9,-8.351,1,0.0961,0.705,8.84e-06,0.084,0.381,141.735,spotify:track:2kJqNHHGOzLNahukdvlDWN,4,0.4015567007898961,0.08509071669444143,3
Emma Sameth,Spin With You (feat. Jeremy Zucker),0.818,0.445,5,-7.4670000000000005,0,0.23,0.718,3.8799999999999994e-05,0.10800000000000001,0.423,95.944,spotify:track:1m7XbKhOvJst478ms8yUrr,4,0.4967569479163988,-0.2791025766259915,3
Jeremy Zucker,desire,0.623,0.23600000000000002,7,-12.529000000000002,1,0.0485,0.843,0.0,0.376,0.35100000000000003,137.938,spotify:track:4cxwiuYJltrPeWr5FDDntO,4,0.7132798865416813,0.16268944902007956,1
RKCB,Naive,0.64,0.5820000000000001,1,-9.529,1,0.040999999999999995,0.716,0.00117,0.32799999999999996,0.085,100.024,spotify:track:2jPQpbzZd90opXN0cBOspe,4,0.4114392354040495,0.12893072407108763,3
Oh Wonder,Heart Hope,0.377,0.375,8,-13.364,1,0.0505,0.938,0.0491,0.10800000000000001,0.0712,122.431,spotify:track:2Czp64BykWyWfIssRXQZvT,4,0.7411861274242417,0.4765662603120644,1
khai dreams,Summer Is Like a Dream,0.586,0.384,8,-16.529,1,0.24600000000000002,0.821,0.000524,0.0741,0.647,140.006,spotify:track:7BrvQTRoBtMlZuRuiWfFnf,4,0.6932613624096138,-0.01581923469005978,3
Jeremy Zucker,firefly,0.738,0.319,6,-8.479,0,0.11699999999999999,0.569,2.48e-05,0.145,0.42700000000000005,83.01700000000001,spotify:track:2ULvsEVdvPbXERrl3mGEE8,4,0.46060001589856747,-0.2176929862962493,3
Chris Wright,Up and Down,0.501,0.523,2,-9.298,1,0.174,0.877,3.19e-06,0.14300000000000002,0.5760000000000001,132.34799999999998,spotify:track:2qcusYRhQiSQexL1cmkj8N,4,0.4796799512445177,0.010360306476960247,3
Chris Wright,Sleep Alone,0.763,0.28600000000000003,0,-15.599,1,0.102,0.772,1.21e-05,0.0954,0.175,112.19200000000001,spotify:track:3uLeFt6TLThy8ij5cf6MTt,4,0.7891065330298349,0.09176704923565969,1
Milky Day,Blur,0.45299999999999996,0.287,11,-12.695,1,0.051,0.787,0.0,0.106,0.076,127.454,spotify:track:4ugiUtLDE6ACEeG5vj1rEh,4,0.6781744870094376,0.44790579427602956,1
khai dreams,Drifting Away,0.52,0.268,1,-15.199000000000002,1,0.0407,0.7390000000000001,0.177,0.0718,0.273,119.85600000000001,spotify:track:34CuWXYL4yE4zgUR7yKqC3,4,0.6952782140959386,0.25966000993131044,1
Chris Wright,You're the Reason,0.693,0.40299999999999997,0,-8.773,1,0.191,0.946,5.07e-06,0.10400000000000001,0.677,115.62100000000001,spotify:track:1OJqtwMsA3RHmAYh6DHWYK,4,0.635820716237535,-0.2664365111478897,3
keshi,as long as it takes you,0.8759999999999999,0.28800000000000003,1,-9.208,0,0.321,0.449,0.000396,0.3,0.27899999999999997,139.994,spotify:track:2XpmzywSGH1OILU0mxSHBy,4,0.4330456591997809,-0.03754101855862686,3
UMI,Lullaby,0.8490000000000001,0.19,7,-9.628,1,0.0447,0.5489999999999999,0.00229,0.102,0.203,113.955,spotify:track:1K1b1rPjbbam1NXUPg4VrK,3,0.5552111379988971,0.006827239921643908,3
UMI,Butterfly,0.785,0.27,5,-14.457,1,0.0892,0.255,0.00132,0.0953,0.12,131.894,spotify:track:4qkVALwOxCIEZ7I5gkZ3m4,4,0.3791582415568849,0.21276081945960756,4
UMI,Midnight Blues,0.763,0.494,11,-6.857,0,0.0487,0.965,0.00173,0.17300000000000001,0.34700000000000003,88.01100000000001,spotify:track:5HYSOEDwblGTVSh88TZnet,4,0.6003577327096287,-0.20584000278091955,3
UMI,Remember Me,0.84,0.344,5,-8.613,0,0.0374,0.456,3.3600000000000004e-05,0.35,0.526,111.994,spotify:track:630Ug0XtmhhFvAKo0PNuEI,4,0.30685369107679045,-0.23998588395572615,2
RINI,Carefree,0.715,0.317,4,-12.28,0,0.109,0.8240000000000001,1.9e-06,0.12300000000000001,0.239,120.029,spotify:track:1dlgxW5PwUT0v1xzHTCRgH,4,0.7148924647147953,0.08453191652993915,1
RINI,My Favourite Clothes,0.746,0.33899999999999997,2,-9.041,1,0.14400000000000002,0.48200000000000004,1.36e-05,0.0838,0.29100000000000004,119.92399999999999,spotify:track:2ZwIO3ufWLFYxtEoam9ydu,4,0.3864560378685805,0.013399584659328993,3
keshi,like i need u,0.748,0.465,5,-8.163,1,0.0869,0.39899999999999997,0.0,0.294,0.41200000000000003,119.87200000000001,spotify:track:7ivYWXqrPLs66YwakDuSim,4,0.18495031275592513,-0.0836235656343578,2
LANY,ILYSB - STRIPPED,0.6609999999999999,0.39299999999999996,5,-8.199,1,0.0554,0.546,0.000131,0.11,0.165,83.851,spotify:track:3Dkvp3L4w0uJFYfIPa8E9H,4,0.40126672066958785,0.025591832159896032,3
Joji,SLOW DANCING IN THE DARK,0.515,0.479,3,-7.457999999999999,1,0.0261,0.544,0.00598,0.191,0.284,88.964,spotify:track:0rKtyWc8bvkriBthvHKY8d,4,0.2734563155015388,0.06640811263591358,4
khai dreams,Through and Through,0.852,0.424,6,-9.308,1,0.0463,0.38299999999999995,0.0,0.0843,0.591,94.934,spotify:track:5lH3H5LMsBnWfec33fui3w,4,0.23809198645585355,-0.35083856628238785,2
COIN,Malibu 1992,0.5589999999999999,0.32,6,-7.694,1,0.0414,0.0644,0.132,0.17300000000000001,0.49700000000000005,147.366,spotify:track:0nMqu5vN44GNv8UOQxmBJK,4,-0.054452540650861185,0.15997360201505495,0
ASTN,18,0.5539999999999999,0.452,8,-12.751,1,0.5379999999999999,0.575,0.0,0.34700000000000003,0.344,84.98200000000001,spotify:track:1XFbCFyh2mPCDUBtoHut9A,3,0.5417922015002522,-0.09090393734887033,3
khai dreams,Lost in You,0.7709999999999999,0.607,5,-12.02,0,0.113,0.33399999999999996,0.0,0.122,0.79,90.035,spotify:track:2itR8VHeTVKInnMPec8mj8,4,0.11725721695877217,-0.4561638314780368,2
khai dreams,Do You Wonder,0.774,0.281,4,-12.527000000000001,1,0.0404,0.545,0.0249,0.105,0.341,140.086,spotify:track:08zeEYblrLGAwATpniIMCu,4,0.4938102119757898,0.0835270182670199,3
The Paper Kites,Bloom - Bonus Track,0.5920000000000001,0.41600000000000004,1,-9.794,1,0.0246,0.882,0.000586,0.11199999999999999,0.41700000000000004,96.00200000000001,spotify:track:41yIvlFgvGwxq8qTqAR7eG,4,0.6026275972580748,-0.046944790410242215,3
NIKI,lowkey,0.752,0.494,0,-8.18,1,0.0559,0.43200000000000005,0.0,0.0869,0.22699999999999998,117.90100000000001,spotify:track:5TTXEcfsYLh6fTarLaevTi,4,0.22140954721630066,0.03932593795364463,4
khai dreams,Fantasy,0.35,0.43,7,-13.14,1,0.131,0.715,0.0,0.299,0.203,169.908,spotify:track:53usuYfeK66GLBhm6k7x5e,4,0.4744598581487989,0.5727263964288315,1
DPR LIVE,Jasmine,0.597,0.486,8,-5.893,1,0.0986,0.331,0.0,0.14,0.397,137.68,spotify:track:2IgbYlOlFpiSFYnsqB39lM,4,0.04385118061739757,0.10259485130240378,4
Marshmello,Happier,0.687,0.792,5,-2.7489999999999997,1,0.0452,0.191,0.0,0.16699999999999998,0.6709999999999999,100.015,spotify:track:2dpaYNEQHiRxtZbfNsse99,4,-0.32559529849668756,-0.3389237794292854,5
ILLENIUM,In Your Arms (with X Ambassadors),0.40399999999999997,0.8059999999999999,2,-4.75,1,0.0496,0.198,0.0,0.114,0.11199999999999999,148.036,spotify:track:70YPzqSEwJvAIQ6nMs1cjY,4,-0.29674235358156903,0.4557701207367926,6
Marshmello,Happier,0.687,0.792,5,-2.7489999999999997,1,0.0452,0.191,0.0,0.16699999999999998,0.6709999999999999,100.015,spotify:track:2dpaYNEQHiRxtZbfNsse99,4,-0.32559529849668756,-0.3389237794292854,5
ILLENIUM,In Your Arms (with X Ambassadors),0.40399999999999997,0.8059999999999999,2,-4.75,1,0.0496,0.198,0.0,0.114,0.11199999999999999,148.036,spotify:track:70YPzqSEwJvAIQ6nMs1cjY,4,-0.29674235358156903,0.4557701207367926,6
ILLENIUM,Good Things Fall Apart (with Jon Bellion),0.643,0.594,2,-5.452999999999999,1,0.0318,0.0128,0.0,0.11800000000000001,0.442,144.033,spotify:track:6pooRNiLyYpxZeIA5kJ5EX,4,-0.2934551710939446,0.07663688398046539,0
Halsey,Colors - Audien Remix,0.649,0.885,1,-2.012,1,0.106,0.0722,8.03e-05,0.10099999999999999,0.7190000000000001,134.93200000000002,spotify:track:3WtCu35qpzGCLIGa8pczdu,4,-0.5208806705793005,-0.22588715956694713,5
Gryffin,All You Need To Know (feat. Calle Lehmann),0.513,0.7879999999999999,0,-4.629,1,0.0364,0.00968,0.0,0.11,0.23399999999999999,139.987,spotify:track:4Gcv5SsxnQWpmOnUI19EJk,4,-0.42336619731080843,0.2722348948697099,6
The Chainsmokers,Takeaway,0.528,0.511,3,-8.144,1,0.0324,0.126,0.0,0.10099999999999999,0.35100000000000003,100.1,spotify:track:3g0mEQx3NTanacLseoP0Gw,4,-0.057988997303233224,0.08052010660265489,0
The Chainsmokers,Closer,0.748,0.524,8,-5.599,1,0.0338,0.414,0.0,0.111,0.6609999999999999,95.01,spotify:track:7BKLCZ1jbUBVqRi2FVlTVw,4,0.0891949799239439,-0.35444870564660946,2
The Chainsmokers,Something Just Like This,0.617,0.635,11,-6.769,0,0.0317,0.0498,1.4400000000000001e-05,0.16399999999999998,0.446,103.01899999999999,spotify:track:6RUKPb4LETWmmr3iAEQktW,4,-0.22976265997864007,-0.06424589647140291,0
SLANDER,Potions,0.545,0.32299999999999995,3,-12.005999999999998,1,0.0391,0.102,2.74e-06,0.107,0.193,149.941,spotify:track:5uGCoNepb3NfYHzdVDXQtC,4,0.10199441763108666,0.4153581159232608,4
ILLENIUM,Crashing (feat. Bahari),0.5820000000000001,0.6809999999999999,5,-6.138,1,0.0458,0.342,0.0,0.18600000000000003,0.273,95.995,spotify:track:17Efhyf4A96n0EFXKeB7Ya,4,-0.02611300791843854,0.022313146511356755,0
SLANDER,Love Is Gone,0.452,0.465,4,-10.006,0,0.0344,0.0589,0.000524,0.095,0.0832,149.586,spotify:track:39glqzRVRAy4vq3PqeTGb8,4,-0.06252113483259428,0.5329302202618907,6
Gryffin,Just For A Moment (feat. Iselin),0.536,0.7759999999999999,1,-6.343,0,0.0485,0.0137,1.83e-05,0.26899999999999996,0.414,144.037,spotify:track:24FFOpCA6bc5YoU2F3TKqS,4,-0.40734949085666794,0.1531998025307968,6
Cash Cash,How to Love (feat. Sofia Reyes) - Boombox Cartel Remix,0.5479999999999999,0.895,9,-1.9880000000000002,0,0.102,0.11,0.0,0.0816,0.682,150.122,spotify:track:22S5BO6h7JIOjg2Uw88l8e,4,-0.5255444143340318,-0.0653901595103844,5
Timmy Trumpet,Freaks - Radio Edit,0.882,0.965,4,-0.818,1,0.13,0.0136,0.38799999999999996,0.20600000000000002,0.759,128.129,spotify:track:4f3NHOxgC8Bg21IJBg4cZ3,4,-0.6031897818858202,-0.4846615296313783,5
Said the Sky,Superstar,0.617,0.721,5,-5.568,1,0.0375,0.0712,6.61e-05,0.0867,0.42200000000000004,134.974,spotify:track:1DxEbPu9z1SVGh7dXMuzS9,4,-0.31937472573527864,0.05752383581729113,0
Gryffin,Tie Me Down (with Elley Duhé),0.608,0.845,6,-2.292,1,0.0597,0.136,0.0,0.111,0.322,98.976,spotify:track:2zh01m4PiHaZz4BAm0NRxs,4,-0.36541098409161005,-0.054237729692852774,5
Seven Lions,Rush Over Me,0.441,0.753,0,-4.074,1,0.044000000000000004,0.0701,0.0,0.027000000000000003,0.254,135.015,spotify:track:6BDLcvvtyJD2vnXRDi1IjQ,4,-0.3705572222975637,0.2947475045560662,6
Gryffin,Nobody Compares To You (feat. Katie Pearlman),0.59,0.764,2,-4.735,1,0.0467,0.22899999999999998,0.0,0.192,0.331,104.911,spotify:track:17ejRbr6B8l9zdqgCZsn4m,4,-0.20955772471446982,-0.0023997576149768253,0
Zedd,Happy Now,0.503,0.741,4,-5.127999999999999,1,0.047,0.579,1.49e-06,0.0712,0.45799999999999996,88.335,spotify:track:4keoy2fqgwGnbWlm3ZVZFa,3,0.06459459931921638,-0.09271342618093897,2
Halsey,Without Me - ILLENIUM Remix,0.639,0.71,6,-3.358,1,0.0479,0.483,2.22e-06,0.21899999999999997,0.373,136.004,spotify:track:4bw3ZyWA1ui0Adu285NWDl,4,-0.04525158261660411,0.033285340503606466,0
The Chainsmokers,Don't Let Me Down (feat. Daya) - Illenium Remix,0.428,0.6559999999999999,11,-3.7119999999999997,1,0.075,0.0751,0.18100000000000002,0.15,0.355,79.648,spotify:track:15BlympuVSfZFROojEMY2M,4,-0.26858664517944186,0.020746075471335976,0
The Wanted,We Own The Night - The Chainsmokers Edit,0.602,0.8390000000000001,8,-3.5610000000000004,0,0.0389,0.0141,0.0083,0.0897,0.402,126.001,spotify:track:6h9xi8i9zVOXk5FqGqcBNH,4,-0.47019407715978584,0.022454888842263626,5
Zedd,Spectrum,0.609,0.8009999999999999,0,-4.417,0,0.034,0.0137,0.00349,0.127,0.40700000000000003,129.99,spotify:track:1dFkD1JfRMzwO6hwUsE8aS,4,-0.43452453515051265,0.03907292471783599,5
Kygo,Firestone (feat. Conrad Sewell),0.486,0.652,11,-7.226,0,0.052000000000000005,0.408,6.63e-05,0.077,0.391,113.055,spotify:track:1I8tHoNBFTuoJAlh4hfVVE,4,0.021362594252564076,0.0945726033390368,4
Avicii,The Nights,0.527,0.835,6,-5.297999999999999,1,0.0433,0.0166,0.0,0.249,0.654,125.98299999999999,spotify:track:0ct6r3EGTcMLPtrXHDvVjc,4,-0.48299852243402913,-0.08342603366012775,5
Grace VanderWaal,Moonlight - BKAYE Remix,0.498,0.872,7,-2.336,1,0.153,0.039,0.0,0.276,0.365,91.866,spotify:track:0xrcHE5F1e4OMJ2V9fc2Br,4,-0.45430821331151106,-0.04800361819165588,5
Gryffin,Whole Heart - BKAYE Remix,0.507,0.693,9,-6.921,1,0.166,0.0701,1.17e-06,0.17,0.465,83.772,spotify:track:31MNOpsq7wfsrlIEV0vDrv,4,-0.21690026124941003,-0.10002998496511684,0
Gryffin,Whole Heart,0.501,0.648,9,-7.172999999999999,1,0.0696,0.027999999999999997,1.26e-05,0.153,0.191,163.834,spotify:track:4Z1t1aMRif8ES212kTN8H2,4,-0.2798679636301119,0.4278548206713602,6
Alan Walker,Faded,0.589,0.6509999999999999,6,-5.0969999999999995,1,0.0306,0.0291,3.2e-06,0.111,0.166,90.01100000000001,spotify:track:7gHs73wELdeycvS48JfIos,4,-0.23889686107983316,0.08533809967142286,0
Zedd,Beautiful Now,0.628,0.833,11,-4.126,0,0.0282,0.0079,1.4800000000000002e-05,0.07400000000000001,0.56,128.003,spotify:track:2ISSQPb9LHHiV6ng2NXosL,4,-0.4819421694230217,-0.08840276283144487,5
Cash Cash,Take Me Home (feat. Bebe Rexha),0.5710000000000001,0.903,7,-2.184,1,0.214,0.0615,1.23e-06,0.18600000000000003,0.47700000000000004,127.95100000000001,spotify:track:2zMXH5k5NZy1Nw460bLvRh,4,-0.4844553256575026,-0.05519291303262873,5
2 Friends Remixes,Mr. Brightside - Original,0.47700000000000004,0.7759999999999999,1,-5.933,1,0.0445,0.026000000000000002,0.0,0.0914,0.445,148.08100000000002,spotify:track:5XRuR2wBLylhBAK6HMIS29,4,-0.41781189341400804,0.19863252440994478,6
tobi lou,hot tub DREAM Machine,0.677,0.526,11,-8.245,1,0.0361,0.264,2.77e-06,0.113,0.467,140.082,spotify:track:1SWg0LGSxwbD3pyLfW0z5H,4,0.0023892243653081888,0.03113402833599725,0
Dua Lipa,Levitating,0.695,0.883,6,-2.286,0,0.0778,0.0533,0.0,0.213,0.907,103.014,spotify:track:39LLxExYz6ewLAcYrzQQyP,4,-0.5267288351890914,-0.5071893983794856,5
88rising,La La Lost You,0.721,0.5820000000000001,2,-8.251,1,0.0411,0.315,0.000559,0.065,0.48700000000000004,100.083,spotify:track:5Htq8DDDN0Xce9MwqzAzui,4,0.05208197942350808,-0.1799380031856637,2
Dabin,Holding On,0.491,0.675,5,-5.722,1,0.0368,0.0518,1.1900000000000001e-05,0.111,0.23,144.98,spotify:track:71kkmlYkfgbrFNozWnquQi,4,-0.30370054764855203,0.33027570219245234,6
Bazzi,Mine,0.71,0.789,4,-3.8739999999999997,1,0.0722,0.0161,2.77e-06,0.451,0.7170000000000001,142.929,spotify:track:7uzmGiiJyRfuViKKK3lVmR,4,-0.4829966336652834,-0.2211425337178491,5
Post Malone,Myself,0.47600000000000003,0.701,0,-4.234,1,0.0349,0.102,0.0,0.242,0.405,163.882,spotify:track:2cvOfKHOHgwQlLiuLKP2xR,4,-0.36684621645748167,0.27643135572132477,6
John K,OT,0.7340000000000001,0.44299999999999995,5,-6.466,1,0.0788,0.434,8.109999999999999e-05,0.107,0.617,79.485,spotify:track:1YuIEfhp8umr6QSal4FTK4,4,0.20586302493949996,-0.3681509851130205,2
Lauv,Mean It - stripped,0.5379999999999999,0.228,7,-10.837,1,0.0334,0.746,0.0,0.126,0.517,90.912,spotify:track:27as7exfxU3cNaYKr3HlHI,4,0.6295298578158635,-0.056406181276647725,3
Loud Luxury,I'm Not Alright - Frank Walker Remix,0.741,0.8690000000000001,1,-3.557,0,0.0366,0.0176,0.0,0.13699999999999998,0.6859999999999999,124.99,spotify:track:7ojmU04SuSKtIjzODRFIiB,4,-0.5083745358892404,-0.28588896418383913,5
