artist,title,played_at,session,uri,danceability,energy,loudness,speechiness,acousticness,liveness,valence,tempo,label
Kid Travis,Strawberry Skies,(05/26) 12:36 PM,7193ad525a76f77a2b1444efd77b4bbea950d254,spotify:track:2p1onANhkUkyMZKKigOUJu,0.65,0.462,-6.5889999999999995,0.0891,0.366,0.159,0.65,89.887,2
Boy In Space,7UP,(05/26) 08:32 AM,b8742d0bf900ad4eb0e5a08a849ee7396363e4b2,spotify:track:4cB00WOFuQFLoDpnydcx8c,0.616,0.469,-7.38,0.027000000000000003,0.0167,0.111,0.233,135.035,4
Khalid,OTW,(05/25) 20:12 PM,d2a04f014f6d12fcb72e387150666fbddfc3dae5,spotify:track:6Hgh47WXVKtXN5zGOu0hjI,0.652,0.6779999999999999,-6.183,0.0541,0.183,0.106,0.28,72.98899999999998,4
Post Malone,Rich & Sad,(05/25) 19:59 PM,d2a04f014f6d12fcb72e387150666fbddfc3dae5,spotify:track:2VdT56BGpdqNHUgOe1j5vc,0.599,0.5710000000000001,-4.998,0.0665,0.198,0.0969,0.285,151.974,4
The Chainsmokers,Something Just Like This,(05/25) 19:54 PM,d2a04f014f6d12fcb72e387150666fbddfc3dae5,spotify:track:6RUKPb4LETWmmr3iAEQktW,0.617,0.635,-6.769,0.0317,0.0498,0.16399999999999998,0.446,103.019,4
ILLENIUM,Good Things Fall Apart (with Jon Bellion),(05/25) 19:49 PM,d2a04f014f6d12fcb72e387150666fbddfc3dae5,spotify:track:6pooRNiLyYpxZeIA5kJ5EX,0.643,0.594,-5.4529999999999985,0.0318,0.0128,0.118,0.442,144.033,4
PRETTYMUCH,Phases,(05/25) 19:46 PM,d2a04f014f6d12fcb72e387150666fbddfc3dae5,spotify:track:3je88Q4OvTqIx7BFRFYvRA,0.77,0.636,-6.724,0.131,0.16899999999999998,0.0676,0.4920000000000001,105.93,2
Gryffin,Tie Me Down (with Elley Duh�,(05/24) 12:55 PM,1cec95f1bbeb89273377a16a79df8cc6e3cbc0f9,spotify:track:2zh01m4PiHaZz4BAm0NRxs,0.608,0.845,-2.292,0.0597,0.136,0.111,0.322,98.976,0
Joji,TEST DRIVE,(05/24) 11:45 AM,4e60d86009cbb601f461b3996008e3daed6648c2,spotify:track:1DMEzmAoQIikcL52psptQL,0.6459999999999999,0.648,-8.602,0.0372,0.71,0.108,0.466,75.00399999999998,2
Joji,Run,(05/24) 11:42 AM,4e60d86009cbb601f461b3996008e3daed6648c2,spotify:track:6p8eEdiZLKJH8tcjGZuNTK,0.447,0.72,-3.954,0.0332,0.0416,0.614,0.362,157.892,3
The Chainsmokers,All We Know (feat. Phoebe Ryan),(05/24) 11:39 AM,4e60d86009cbb601f461b3996008e3daed6648c2,spotify:track:2rizacJSyD9S1IQUxUxnsK,0.662,0.586,-8.821,0.0307,0.097,0.115,0.29600000000000004,90.0,4
Social House,Love Me Back,(05/24) 11:36 AM,4e60d86009cbb601f461b3996008e3daed6648c2,spotify:track:0Vs8BRdNnyuk0QXWPWvICK,0.5589999999999999,0.4370000000000001,-10.27,0.0311,0.585,0.101,0.43,157.991,6
Post Malone,Myself,(05/23) 18:08 PM,7d507e5e13bbef8c0a9a03b3bceda2634fab2ccc,spotify:track:2cvOfKHOHgwQlLiuLKP2xR,0.476,0.701,-4.234,0.0349,0.102,0.242,0.405,163.882,3
Bryce Vine,La La Land (feat. YG),(05/23) 18:06 PM,7d507e5e13bbef8c0a9a03b3bceda2634fab2ccc,spotify:track:4oM9DGUTrRaXJDypxxHztZ,0.774,0.473,-5.122000000000001,0.0569,0.221,0.222,0.416,97.953,2
Martin Garrix,Used To Love (with Dean Lewis),(05/23) 18:03 PM,7d507e5e13bbef8c0a9a03b3bceda2634fab2ccc,spotify:track:7pWK1kMgHy5lNNiIfuRbkP,0.6509999999999999,0.693,-4.722,0.0375,0.458,0.335,0.392,118.97,4
Lauv,For Now,(05/23) 17:59 PM,7d507e5e13bbef8c0a9a03b3bceda2634fab2ccc,spotify:track:0PxJmAlyKcRdd1r9FvDbTn,0.5329999999999999,0.226,-12.186,0.0416,0.7829999999999999,0.113,0.111,83.588,1
Lauv,Changes,(05/23) 17:56 PM,7d507e5e13bbef8c0a9a03b3bceda2634fab2ccc,spotify:track:7cDpMO5wuWgvv3j4INRBeB,0.532,0.455,-8.366,0.156,0.452,0.237,0.204,148.18200000000004,6
Seven Lions,First Time (feat. Dylan Matthew) - Acoustic,(05/23) 17:53 PM,7d507e5e13bbef8c0a9a03b3bceda2634fab2ccc,spotify:track:4s9Na0ywXodZXScgvXmJop,0.5579999999999999,0.337,-8.414,0.0311,0.92,0.159,0.397,143.784,1
Jai Wolf,Better Apart (feat. Dresage),(05/23) 17:49 PM,7d507e5e13bbef8c0a9a03b3bceda2634fab2ccc,spotify:track:1TFC1wutiIHQQ9buf8bxQI,0.489,0.703,-4.564,0.026,0.013,0.104,0.256,149.977,3
X Ambassadors,HOLD YOU DOWN,(05/23) 17:43 PM,7d507e5e13bbef8c0a9a03b3bceda2634fab2ccc,spotify:track:3Tiv2bF1OLCXXnuXaDKaG3,0.5770000000000001,0.627,-5.553,0.0533,0.0491,0.0766,0.446,78.96,4
Kid Travis,Strawberry Skies,(05/23) 17:40 PM,7d507e5e13bbef8c0a9a03b3bceda2634fab2ccc,spotify:track:2p1onANhkUkyMZKKigOUJu,0.65,0.462,-6.589,0.0891,0.366,0.159,0.65,89.887,2
lovelytheband,coachella,(05/23) 17:37 PM,7d507e5e13bbef8c0a9a03b3bceda2634fab2ccc,spotify:track:1bPJ6Ay1La8IYPCuCvQA7k,0.563,0.6459999999999999,-6.849,0.0312,0.0664,0.0877,0.28800000000000003,115.013,4
Post Malone,Sunflower - Spider-Man: Into the Spider-Verse,(05/22) 20:41 PM,fe00bba3250b6df08c2c0f855d5c26c0da3b0a2b,spotify:track:3KkXRkHbMCARz0aVfEt68P,0.76,0.479,-5.574,0.0466,0.556,0.0703,0.913,89.911,2
Troye Sivan,YOUTH - Gryffin Remix,(05/22) 18:00 PM,4fe4983f67468867df65c465e0b1783e8e822984,spotify:track:5nGuzcsjDbUD1Hgi0szupA,0.5589999999999999,0.67,-6.301,0.0404,0.0823,0.106,0.338,104.004,4
Post Malone,Hollywood's Bleeding,(05/22) 17:56 PM,d481d900a0c7835b9c8d6b327436eaf577c51265,spotify:track:7sWRlDoTDX8geTR8zzr2vt,0.405,0.6459999999999999,-3.2060000000000004,0.0476,0.331,0.103,0.17,130.218,3
Bryce Vine,San Junipero,(05/22) 17:53 PM,d481d900a0c7835b9c8d6b327436eaf577c51265,spotify:track:2Z8WXN2oV5dzxTWjscQQr2,0.6890000000000001,0.7020000000000001,-5.278,0.0356,0.203,0.145,0.562,98.018,0
Loud Luxury,I'm Not Alright - Frank Walker Remix,(05/22) 17:50 PM,d481d900a0c7835b9c8d6b327436eaf577c51265,spotify:track:7ojmU04SuSKtIjzODRFIiB,0.741,0.8690000000000001,-3.557,0.0366,0.0176,0.13699999999999998,0.6859999999999999,124.99,0
Bryce Vine,Los Angeles,(05/22) 17:47 PM,d481d900a0c7835b9c8d6b327436eaf577c51265,spotify:track:0GJnCFj7z7hvxo7AKX1PM8,0.728,0.812,-6.099,0.0671,0.121,0.293,0.8240000000000001,150.093,0
Bryce Vine,Nowhere Man,(05/22) 17:44 PM,d481d900a0c7835b9c8d6b327436eaf577c51265,spotify:track:4Y778EFdrOrvILkY3k4FXO,0.634,0.677,-6.698,0.0336,0.101,0.0576,0.33,122.035,4
X Ambassadors,HOLD YOU DOWN,(05/22) 17:40 PM,d481d900a0c7835b9c8d6b327436eaf577c51265,spotify:track:3Tiv2bF1OLCXXnuXaDKaG3,0.5770000000000001,0.627,-5.553,0.0533,0.0491,0.0766,0.446,78.96,4
Kid Travis,Strawberry Skies,(05/22) 17:37 PM,d481d900a0c7835b9c8d6b327436eaf577c51265,spotify:track:2p1onANhkUkyMZKKigOUJu,0.65,0.462,-6.589,0.0891,0.366,0.159,0.65,89.887,2
lovelytheband,coachella,(05/22) 17:34 PM,d481d900a0c7835b9c8d6b327436eaf577c51265,spotify:track:1bPJ6Ay1La8IYPCuCvQA7k,0.563,0.6459999999999999,-6.849,0.0312,0.0664,0.0877,0.28800000000000003,115.013,4
lovelytheband,coachella,(05/22) 17:30 PM,d481d900a0c7835b9c8d6b327436eaf577c51265,spotify:track:1bPJ6Ay1La8IYPCuCvQA7k,0.563,0.6459999999999999,-6.849,0.0312,0.0664,0.0877,0.28800000000000003,115.013,4
Post Malone,Otherside,(05/22) 10:29 AM,0391bbab5813ba8b88951c8f565f8ed02841d24d,spotify:track:4qWCFTuNnmGNdY4egtb4ZY,0.652,0.643,-5.667000000000002,0.0353,0.318,0.208,0.109,104.932,6
Post Malone,Rich & Sad,(05/22) 10:25 AM,0391bbab5813ba8b88951c8f565f8ed02841d24d,spotify:track:2VdT56BGpdqNHUgOe1j5vc,0.599,0.5710000000000001,-4.998,0.0665,0.198,0.0969,0.285,151.974,4
Lost Frequencies,Are You With Me - Radio Edit,(05/21) 16:52 PM,2d5ea73eecca5c25c5c415b5403058185903ad20,spotify:track:62nhuooamoroYpJyqE0nLd,0.763,0.61,-8.094,0.0355,0.275,0.12,0.392,121.031,4
lovelytheband,stupid mistakes,(05/21) 16:50 PM,2d5ea73eecca5c25c5c415b5403058185903ad20,spotify:track:3yGZzSxHvvQKwMsAtFfNF5,0.6970000000000001,0.713,-6.567,0.0265,0.133,0.23,0.529,128.974,4
joan,drive all night,(05/21) 16:46 PM,2d5ea73eecca5c25c5c415b5403058185903ad20,spotify:track:75ZKw8JLaFsYr51J44fQ4N,0.542,0.758,-5.032,0.0313,0.000184,0.14400000000000002,0.43,156.128,3
Kygo,I'll Wait,(05/21) 16:43 PM,2d5ea73eecca5c25c5c415b5403058185903ad20,spotify:track:6Q3K9gVUZRMZqZKrXovbM2,0.611,0.6509999999999999,-6.973,0.0587,0.14800000000000002,0.105,0.35700000000000004,122.983,4
Said the Sky,All I Got,(05/21) 16:39 PM,2d5ea73eecca5c25c5c415b5403058185903ad20,spotify:track:1iaTDu4PCIWQQOwwwqq5qW,0.325,0.578,-6.7860000000000005,0.0455,0.158,0.575,0.103,144.745,3
Felix Palmqvist,Think Of Me (feat. Lo�,(05/21) 15:00 PM,805b3e417881d38bd9efdfecfcb8edc47da177ee,spotify:track:5uRjHOMFT16RS1f8ZNlkzm,0.499,0.61,-4.48,0.031,0.606,0.0693,0.299,155.21200000000005,6
ayokay,Cassette,(05/21) 14:57 PM,805b3e417881d38bd9efdfecfcb8edc47da177ee,spotify:track:3GweDldi2HrraUKLexWUeb,0.718,0.56,-6.739,0.0564,0.141,0.14800000000000002,0.292,75.031,2
X Ambassadors,HOLD YOU DOWN,(05/21) 14:54 PM,805b3e417881d38bd9efdfecfcb8edc47da177ee,spotify:track:3Tiv2bF1OLCXXnuXaDKaG3,0.5770000000000001,0.627,-5.553,0.0533,0.0491,0.0766,0.446,78.96,4
Post Malone,I'm Gonna Be,(05/21) 14:50 PM,805b3e417881d38bd9efdfecfcb8edc47da177ee,spotify:track:1ckLp8lCl8LipXI0ypX72m,0.746,0.5589999999999999,-4.008,0.0316,0.703,0.14800000000000002,0.368,117.943,2
Delaney Jane,Throwback,(05/20) 19:12 PM,5fd5fd6f94c7863dc2dedc9225afa1488efc7963,spotify:track:0O64j1yLdHg17XDfleKiYH,0.613,0.731,-3.993,0.0625,0.177,0.107,0.322,107.071,4
TWIN XL,Good,(05/20) 19:11 PM,5fd5fd6f94c7863dc2dedc9225afa1488efc7963,spotify:track:7sRdxkgNb3m3Ciai38ANmd,0.617,0.964,-3.559,0.0355,0.113,0.247,0.961,75.97800000000002,0
TWIN XL,"Don't Wake Me, I'm Still Dreaming",(05/20) 19:08 PM,5fd5fd6f94c7863dc2dedc9225afa1488efc7963,spotify:track:6NdL165hAxSKNnozIA2HDY,0.388,0.777,-5.194,0.0341,0.0218,0.101,0.218,163.805,3
TWIN XL,Neon Summer,(05/20) 19:05 PM,5fd5fd6f94c7863dc2dedc9225afa1488efc7963,spotify:track:4NjW9Srshx2xuTdEoUnf9C,0.398,0.785,-4.853,0.0424,0.00129,0.109,0.688,75.023,0
Mike Perry,Lighthouse,(05/20) 19:01 PM,5fd5fd6f94c7863dc2dedc9225afa1488efc7963,spotify:track:4AM3fxgUBkEUO6xScrmB9a,0.5429999999999999,0.875,-3.033,0.032,0.0795,0.061,0.244,154.936,3
Lauv,Tattoos Together,(05/20) 18:58 PM,5fd5fd6f94c7863dc2dedc9225afa1488efc7963,spotify:track:1Srt81FTalOhRw7t7l8Yh8,0.862,0.4,-7.4860000000000015,0.0736,0.00575,0.123,0.596,122.963,2
Galantis,Runaway (U & I),(05/20) 18:55 PM,5fd5fd6f94c7863dc2dedc9225afa1488efc7963,spotify:track:46lFttIf5hnUZMGvjK0Wxo,0.506,0.805,-4.119,0.0469,0.007109999999999998,0.0856,0.383,126.008,3
Nightly,Twenty Something,(05/20) 18:52 PM,5fd5fd6f94c7863dc2dedc9225afa1488efc7963,spotify:track:6Wz9rIfo9tOBcVCd1Mo7F7,0.6409999999999999,0.589,-6.305,0.0275,0.096,0.208,0.11,100.001,4
LANY,pink skies,(05/20) 18:47 PM,5fd5fd6f94c7863dc2dedc9225afa1488efc7963,spotify:track:6BZ6pl5bczDc3cMF1kBaOy,0.7190000000000001,0.631,-6.6160000000000005,0.0433,0.266,0.134,0.466,103.968,2
joan,drive all night,(05/20) 18:44 PM,5fd5fd6f94c7863dc2dedc9225afa1488efc7963,spotify:track:75ZKw8JLaFsYr51J44fQ4N,0.542,0.758,-5.032,0.0313,0.000184,0.14400000000000002,0.43,156.128,3
Kygo,I'll Wait,(05/20) 18:41 PM,5fd5fd6f94c7863dc2dedc9225afa1488efc7963,spotify:track:6Q3K9gVUZRMZqZKrXovbM2,0.611,0.6509999999999999,-6.973,0.0587,0.14800000000000002,0.105,0.35700000000000004,122.983,4
Said the Sky,All I Got,(05/20) 18:38 PM,5fd5fd6f94c7863dc2dedc9225afa1488efc7963,spotify:track:1iaTDu4PCIWQQOwwwqq5qW,0.325,0.578,-6.7860000000000005,0.0455,0.158,0.575,0.103,144.745,3
Said the Sky,All I Got,(05/20) 18:32 PM,5fd5fd6f94c7863dc2dedc9225afa1488efc7963,spotify:track:1iaTDu4PCIWQQOwwwqq5qW,0.325,0.578,-6.7860000000000005,0.0455,0.158,0.575,0.103,144.745,3
Said the Sky,Erase Me,(05/19) 18:09 PM,4713ca9a59c874cf161e99d2b334825d1bfd993f,spotify:track:0AISJtBDtZXgB2fuvcjQEN,0.528,0.61,-6.564,0.0287,0.376,0.211,0.304,130.11,6
lovelytheband,broken - Cash Cash Remix,(05/19) 18:06 PM,4713ca9a59c874cf161e99d2b334825d1bfd993f,spotify:track:5W0vgRE9B23TZDj5B7pRUO,0.4970000000000001,0.747,-3.112,0.0894,0.0259,0.0697,0.355,140.81,3
Lost Frequencies,Are You With Me - Radio Edit,(05/19) 18:03 PM,4713ca9a59c874cf161e99d2b334825d1bfd993f,spotify:track:62nhuooamoroYpJyqE0nLd,0.763,0.61,-8.094,0.0355,0.275,0.12,0.392,121.031,4
lovelytheband,stupid mistakes,(05/19) 18:01 PM,4713ca9a59c874cf161e99d2b334825d1bfd993f,spotify:track:3yGZzSxHvvQKwMsAtFfNF5,0.6970000000000001,0.713,-6.567,0.0265,0.133,0.23,0.529,128.974,4
John K,if we never met,(05/19) 17:57 PM,4713ca9a59c874cf161e99d2b334825d1bfd993f,spotify:track:5HBDBBr5OV90lubqW8ctJF,0.958,0.376,-7.063,0.0523,0.171,0.127,0.331,107.964,2
Greyson Chance,shut up,(05/19) 17:55 PM,4713ca9a59c874cf161e99d2b334825d1bfd993f,spotify:track:65mPCrY32YMQlBnmWVrKNa,0.821,0.448,-4.33,0.0468,0.29600000000000004,0.0683,0.45,105.006,2
keshi,2 soon,(05/19) 17:52 PM,4713ca9a59c874cf161e99d2b334825d1bfd993f,spotify:track:5SlU0Yhi51jobhEiGE4xDv,0.517,0.6629999999999999,-6.688,0.0375,0.146,0.322,0.146,174.032,3
ayokay,Queen (feat. Quinn XCII),(05/19) 17:48 PM,4713ca9a59c874cf161e99d2b334825d1bfd993f,spotify:track:2lxW8vQ9Qjv0qeSQiIBOKJ,0.7809999999999999,0.619,-6.6160000000000005,0.0882,0.22,0.112,0.391,82.954,2
Quinn XCII,Tough (feat. Noah Kahan),(05/19) 17:45 PM,4713ca9a59c874cf161e99d2b334825d1bfd993f,spotify:track:3a1Zmq0P1E6W80x8EOcVNP,0.7290000000000001,0.57,-7.0470000000000015,0.0554,0.388,0.111,0.687,93.125,2
Chelsea Cutler,Your Shirt,(05/19) 17:42 PM,4713ca9a59c874cf161e99d2b334825d1bfd993f,spotify:track:6zdg9ovHEPx9EblJcc7FGf,0.433,0.478,-6.641,0.0725,0.191,0.32,0.173,179.98,3
ILLENIUM,Crashing (feat. Bahari),(05/19) 17:38 PM,4713ca9a59c874cf161e99d2b334825d1bfd993f,spotify:track:17Efhyf4A96n0EFXKeB7Ya,0.5820000000000001,0.6809999999999999,-6.138,0.0458,0.342,0.18600000000000005,0.273,95.995,4
Marc E. Bassy,Just My Luck,(05/19) 17:34 PM,4713ca9a59c874cf161e99d2b334825d1bfd993f,spotify:track:2QsBAfiNmngcrZsOTznqBG,0.617,0.64,-5.601,0.042,0.28300000000000003,0.16399999999999998,0.34600000000000003,156.98,4
Boy In Space,7UP,(05/19) 17:31 PM,4713ca9a59c874cf161e99d2b334825d1bfd993f,spotify:track:4cB00WOFuQFLoDpnydcx8c,0.616,0.469,-7.38,0.027000000000000003,0.0167,0.111,0.233,135.035,4
Post Malone,Myself,(05/19) 17:28 PM,4713ca9a59c874cf161e99d2b334825d1bfd993f,spotify:track:2cvOfKHOHgwQlLiuLKP2xR,0.476,0.701,-4.234,0.0349,0.102,0.242,0.405,163.882,3
Said the Sky,Erase Me,(05/19) 17:25 PM,4713ca9a59c874cf161e99d2b334825d1bfd993f,spotify:track:0AISJtBDtZXgB2fuvcjQEN,0.528,0.61,-6.564,0.0287,0.376,0.211,0.304,130.11,6
Said the Sky,Erase Me,(05/19) 17:22 PM,4713ca9a59c874cf161e99d2b334825d1bfd993f,spotify:track:0AISJtBDtZXgB2fuvcjQEN,0.528,0.61,-6.564,0.0287,0.376,0.211,0.304,130.11,6
Seven Lions,First Time (feat. Dylan Matthew),(05/18) 10:05 AM,328f45257a7ff3a144383285d6b023a8e3ce07c7,spotify:track:27YD36FUikKxbp3bKSiKGZ,0.422,0.677,-5.76,0.0365,0.251,0.16,0.146,150.131,3
Delaney Jane,Throwback,(05/18) 10:01 AM,328f45257a7ff3a144383285d6b023a8e3ce07c7,spotify:track:0O64j1yLdHg17XDfleKiYH,0.613,0.731,-3.993,0.0625,0.177,0.107,0.322,107.071,4
TWIN XL,Good,(05/18) 09:57 AM,328f45257a7ff3a144383285d6b023a8e3ce07c7,spotify:track:7sRdxkgNb3m3Ciai38ANmd,0.617,0.964,-3.559,0.0355,0.113,0.247,0.961,75.97800000000002,0
TWIN XL,"Don't Wake Me, I'm Still Dreaming",(05/18) 09:54 AM,328f45257a7ff3a144383285d6b023a8e3ce07c7,spotify:track:6NdL165hAxSKNnozIA2HDY,0.388,0.777,-5.194,0.0341,0.0218,0.101,0.218,163.805,3
TWIN XL,Neon Summer,(05/18) 09:51 AM,328f45257a7ff3a144383285d6b023a8e3ce07c7,spotify:track:4NjW9Srshx2xuTdEoUnf9C,0.398,0.785,-4.853,0.0424,0.00129,0.109,0.688,75.023,0
Mike Perry,Lighthouse,(05/18) 09:48 AM,328f45257a7ff3a144383285d6b023a8e3ce07c7,spotify:track:4AM3fxgUBkEUO6xScrmB9a,0.5429999999999999,0.875,-3.033,0.032,0.0795,0.061,0.244,154.936,3
Lauv,Tattoos Together,(05/18) 09:45 AM,328f45257a7ff3a144383285d6b023a8e3ce07c7,spotify:track:1Srt81FTalOhRw7t7l8Yh8,0.862,0.4,-7.4860000000000015,0.0736,0.00575,0.123,0.596,122.963,2
Galantis,Runaway (U & I),(05/18) 09:42 AM,328f45257a7ff3a144383285d6b023a8e3ce07c7,spotify:track:46lFttIf5hnUZMGvjK0Wxo,0.506,0.805,-4.119,0.0469,0.007109999999999998,0.0856,0.383,126.008,3
ayokay,Sleepless Nights (feat. Nightly),(05/17) 18:17 PM,8c644c3c80e0885b3470d49280fc59dd25153bae,spotify:track:4PUWpNtDejQwwa80LjvxXl,0.6629999999999999,0.696,-5.994,0.0349,0.0563,0.226,0.449,139.98,4
Bazzi,Paradise,(05/17) 18:15 PM,8c644c3c80e0885b3470d49280fc59dd25153bae,spotify:track:0Rx0DJI556Ix5gBny6EWmn,0.8440000000000001,0.644,-6.273,0.0479,0.0828,0.113,0.591,122.061,4
Jeremy Zucker,talk is overrated,(05/17) 18:13 PM,8c644c3c80e0885b3470d49280fc59dd25153bae,spotify:track:7cflqPPi3zWfLFRRBTWeh6,0.7759999999999999,0.353,-8.317,0.0687,0.435,0.302,0.6579999999999999,138.035,2
Shoffy,Cool Again,(05/17) 18:09 PM,8c644c3c80e0885b3470d49280fc59dd25153bae,spotify:track:0xM6mdl0XX2qOqUZmVUp97,0.774,0.45,-6.86,0.0896,0.443,0.127,0.648,90.055,2
The Band CAMINO,See Through,(05/17) 18:06 PM,8c644c3c80e0885b3470d49280fc59dd25153bae,spotify:track:1pJzl0YsxaWj6BbPs1mUuQ,0.5770000000000001,0.8109999999999999,-5.122999999999998,0.075,0.0394,0.11,0.6659999999999999,92.002,0
Loote,85%,(05/17) 18:03 PM,8c644c3c80e0885b3470d49280fc59dd25153bae,spotify:track:5teOR8KU4XNWY2WlVUDiIR,0.574,0.6509999999999999,-7.585,0.046,0.34600000000000003,0.149,0.368,140.017,6
Quinn XCII,Panama,(05/17) 18:00 PM,8c644c3c80e0885b3470d49280fc59dd25153bae,spotify:track:4RtexJZ1OyRkDNlqVUt8Zt,0.73,0.494,-6.402,0.0565,0.57,0.158,0.561,86.73200000000001,2
ayokay,Stay With Me (feat. Jeremy Zucker),(05/17) 17:56 PM,8c644c3c80e0885b3470d49280fc59dd25153bae,spotify:track:65Bynqyt59f3fojjs1Uo41,0.6940000000000001,0.695,-6.612,0.0705,0.489,0.131,0.468,100.035,2
Greyson Chance,shut up,(05/17) 17:53 PM,8c644c3c80e0885b3470d49280fc59dd25153bae,spotify:track:65mPCrY32YMQlBnmWVrKNa,0.821,0.448,-4.33,0.0468,0.29600000000000004,0.0683,0.45,105.006,2
The Band CAMINO,Less Than I Do,(05/17) 17:50 PM,8c644c3c80e0885b3470d49280fc59dd25153bae,spotify:track:4QMSq1uq0JgvyKhEDp8wkx,0.529,0.579,-6.94,0.0518,0.0198,0.103,0.46,76.991,4
Jeremy Zucker,comethru (bonus track),(05/17) 17:47 PM,8c644c3c80e0885b3470d49280fc59dd25153bae,spotify:track:1pV9TLnQdOHbvourRO7x4m,0.795,0.18,-12.293,0.0608,0.59,0.621,0.611,94.02,5
Marc E. Bassy,Just My Luck,(05/17) 17:43 PM,8c644c3c80e0885b3470d49280fc59dd25153bae,spotify:track:2QsBAfiNmngcrZsOTznqBG,0.617,0.64,-5.601,0.042,0.28300000000000003,0.16399999999999998,0.34600000000000003,156.98,4
Galantis,Runaway (U & I),(05/17) 11:48 AM,85b6219bcfcba11165387f1175d9838b0aaeafc5,spotify:track:46lFttIf5hnUZMGvjK0Wxo,0.506,0.805,-4.119,0.0469,0.007109999999999998,0.0856,0.383,126.008,3
Loud Luxury,I'm Not Alright - Frank Walker Remix,(05/17) 11:44 AM,85b6219bcfcba11165387f1175d9838b0aaeafc5,spotify:track:7ojmU04SuSKtIjzODRFIiB,0.741,0.8690000000000001,-3.557,0.0366,0.0176,0.13699999999999998,0.6859999999999999,124.99,0
Delaney Jane,Throwback,(05/17) 11:41 AM,85b6219bcfcba11165387f1175d9838b0aaeafc5,spotify:track:0O64j1yLdHg17XDfleKiYH,0.613,0.731,-3.993,0.0625,0.177,0.107,0.322,107.071,4
Jai Wolf,Better Apart (feat. Dresage),(05/17) 11:37 AM,85b6219bcfcba11165387f1175d9838b0aaeafc5,spotify:track:1TFC1wutiIHQQ9buf8bxQI,0.489,0.703,-4.564,0.026,0.013,0.104,0.256,149.977,3
TWIN XL,Neon Summer,(05/17) 11:33 AM,85b6219bcfcba11165387f1175d9838b0aaeafc5,spotify:track:4NjW9Srshx2xuTdEoUnf9C,0.398,0.785,-4.853,0.0424,0.00129,0.109,0.688,75.023,0
Bryce Vine,Los Angeles,(05/17) 11:30 AM,85b6219bcfcba11165387f1175d9838b0aaeafc5,spotify:track:0GJnCFj7z7hvxo7AKX1PM8,0.728,0.812,-6.099,0.0671,0.121,0.293,0.8240000000000001,150.093,0
Kygo,I'll Wait,(05/17) 11:27 AM,85b6219bcfcba11165387f1175d9838b0aaeafc5,spotify:track:6Q3K9gVUZRMZqZKrXovbM2,0.611,0.6509999999999999,-6.973,0.0587,0.14800000000000002,0.105,0.35700000000000004,122.983,4
Said the Sky,All I Got,(05/17) 11:23 AM,85b6219bcfcba11165387f1175d9838b0aaeafc5,spotify:track:1iaTDu4PCIWQQOwwwqq5qW,0.325,0.578,-6.7860000000000005,0.0455,0.158,0.575,0.103,144.745,3
BROCKHAMPTON,SUMMER,(05/16) 15:03 PM,e01e0c753a8c9e8b73a30605e20981173ef74d84,spotify:track:66dQdXAbtuPdSasezCQVZE,0.4970000000000001,0.55,-6.13,0.0257,0.847,0.119,0.542,79.955,5
BROCKHAMPTON,GINGER,(05/16) 15:01 PM,e01e0c753a8c9e8b73a30605e20981173ef74d84,spotify:track:1Uo7reO6I2yQ1q36ZPuNf7,0.748,0.715,-5.1370000000000005,0.0451,0.249,0.16399999999999998,0.226,130.08700000000002,4
BROCKHAMPTON,SUGAR,(05/16) 14:57 PM,e01e0c753a8c9e8b73a30605e20981173ef74d84,spotify:track:6U0FIYXCQ3TGrk4tFpLrEA,0.453,0.5379999999999999,-8.212,0.0638,0.449,0.19,0.516,122.973,6
Lauv,Tattoos Together,(05/16) 14:54 PM,e01e0c753a8c9e8b73a30605e20981173ef74d84,spotify:track:1Srt81FTalOhRw7t7l8Yh8,0.862,0.4,-7.4860000000000015,0.0736,0.00575,0.123,0.596,122.963,2
lovelytheband,stupid mistakes,(05/15) 17:03 PM,151ccbace887e2cfac6ce5a95c3ab6a5377e7e8b,spotify:track:3yGZzSxHvvQKwMsAtFfNF5,0.6970000000000001,0.713,-6.567,0.0265,0.133,0.23,0.529,128.974,4
TWIN XL,Good,(05/15) 14:53 PM,d063247beb2e17a3c2d37196919f96fcd96cdb71,spotify:track:7sRdxkgNb3m3Ciai38ANmd,0.617,0.964,-3.559,0.0355,0.113,0.247,0.961,75.97800000000002,0
joan,drive all night,(05/15) 14:50 PM,d063247beb2e17a3c2d37196919f96fcd96cdb71,spotify:track:75ZKw8JLaFsYr51J44fQ4N,0.542,0.758,-5.032,0.0313,0.000184,0.14400000000000002,0.43,156.128,3
Post Malone,Myself,(05/15) 14:48 PM,d063247beb2e17a3c2d37196919f96fcd96cdb71,spotify:track:2cvOfKHOHgwQlLiuLKP2xR,0.476,0.701,-4.234,0.0349,0.102,0.242,0.405,163.882,3
X Ambassadors,HOLD YOU DOWN,(05/15) 14:45 PM,d063247beb2e17a3c2d37196919f96fcd96cdb71,spotify:track:3Tiv2bF1OLCXXnuXaDKaG3,0.5770000000000001,0.627,-5.553,0.0533,0.0491,0.0766,0.446,78.96,4
Boy In Space,7UP,(05/15) 14:42 PM,d063247beb2e17a3c2d37196919f96fcd96cdb71,spotify:track:4cB00WOFuQFLoDpnydcx8c,0.616,0.469,-7.38,0.027000000000000003,0.0167,0.111,0.233,135.035,4
Kid Travis,Strawberry Skies,(05/15) 14:38 PM,d063247beb2e17a3c2d37196919f96fcd96cdb71,spotify:track:2p1onANhkUkyMZKKigOUJu,0.65,0.462,-6.589,0.0891,0.366,0.159,0.65,89.887,2
TWIN XL,"Don't Wake Me, I'm Still Dreaming",(05/15) 14:35 PM,d063247beb2e17a3c2d37196919f96fcd96cdb71,spotify:track:6NdL165hAxSKNnozIA2HDY,0.388,0.777,-5.194,0.0341,0.0218,0.101,0.218,163.805,3
Lauv,Tattoos Together,(05/15) 14:32 PM,d063247beb2e17a3c2d37196919f96fcd96cdb71,spotify:track:1Srt81FTalOhRw7t7l8Yh8,0.862,0.4,-7.4860000000000015,0.0736,0.00575,0.123,0.596,122.963,2
LANY,pink skies,(05/15) 14:29 PM,d063247beb2e17a3c2d37196919f96fcd96cdb71,spotify:track:6BZ6pl5bczDc3cMF1kBaOy,0.7190000000000001,0.631,-6.6160000000000005,0.0433,0.266,0.134,0.466,103.968,2
Said the Sky,Erase Me,(05/15) 14:26 PM,d063247beb2e17a3c2d37196919f96fcd96cdb71,spotify:track:0AISJtBDtZXgB2fuvcjQEN,0.528,0.61,-6.564,0.0287,0.376,0.211,0.304,130.11,6
lovelytheband,coachella,(05/15) 14:22 PM,d063247beb2e17a3c2d37196919f96fcd96cdb71,spotify:track:1bPJ6Ay1La8IYPCuCvQA7k,0.563,0.6459999999999999,-6.849,0.0312,0.0664,0.0877,0.28800000000000003,115.013,4
Lauv,Lonely Eyes,(05/15) 14:18 PM,d063247beb2e17a3c2d37196919f96fcd96cdb71,spotify:track:5qhHm4dN4L2dhRb2TfzGPw,0.586,0.499,-7.005,0.0267,0.0418,0.0994,0.369,95.014,4
ayokay,Cassette,(05/15) 14:15 PM,d063247beb2e17a3c2d37196919f96fcd96cdb71,spotify:track:3GweDldi2HrraUKLexWUeb,0.718,0.56,-6.739,0.0564,0.141,0.14800000000000002,0.292,75.031,2
Marc E. Bassy,Just My Luck,(05/15) 14:12 PM,d063247beb2e17a3c2d37196919f96fcd96cdb71,spotify:track:2QsBAfiNmngcrZsOTznqBG,0.617,0.64,-5.601,0.042,0.28300000000000003,0.16399999999999998,0.34600000000000003,156.98,4
Loud Luxury,I'm Not Alright - Frank Walker Remix,(05/15) 11:11 AM,be879464e7de2970d1c131ff004f9b6d4ef268cb,spotify:track:7ojmU04SuSKtIjzODRFIiB,0.741,0.8690000000000001,-3.557,0.0366,0.0176,0.13699999999999998,0.6859999999999999,124.99,0
Nightly,Twenty Something,(05/15) 11:08 AM,be879464e7de2970d1c131ff004f9b6d4ef268cb,spotify:track:6Wz9rIfo9tOBcVCd1Mo7F7,0.6409999999999999,0.589,-6.305,0.0275,0.096,0.208,0.11,100.001,4
Said the Sky,All I Got,(05/15) 11:03 AM,be879464e7de2970d1c131ff004f9b6d4ef268cb,spotify:track:1iaTDu4PCIWQQOwwwqq5qW,0.325,0.578,-6.7860000000000005,0.0455,0.158,0.575,0.103,144.745,3
Bryce Vine,San Junipero,(05/15) 10:58 AM,be879464e7de2970d1c131ff004f9b6d4ef268cb,spotify:track:2Z8WXN2oV5dzxTWjscQQr2,0.6890000000000001,0.7020000000000001,-5.278,0.0356,0.203,0.145,0.562,98.018,0
Post Malone,Hollywood's Bleeding,(05/15) 10:55 AM,be879464e7de2970d1c131ff004f9b6d4ef268cb,spotify:track:7sWRlDoTDX8geTR8zzr2vt,0.405,0.6459999999999999,-3.2060000000000004,0.0476,0.331,0.103,0.17,130.218,3
Bryce Vine,Drew Barrymore,(05/15) 10:52 AM,be879464e7de2970d1c131ff004f9b6d4ef268cb,spotify:track:7nvIPwXKGhqtRhssxM99kJ,0.758,0.574,-6.8889999999999985,0.0572,0.46,0.102,0.261,151.985,6
Lauv,Changes,(05/15) 10:49 AM,be879464e7de2970d1c131ff004f9b6d4ef268cb,spotify:track:7cDpMO5wuWgvv3j4INRBeB,0.532,0.455,-8.366,0.156,0.452,0.237,0.204,148.18200000000004,6
ayokay,Cassette,(05/15) 10:46 AM,be879464e7de2970d1c131ff004f9b6d4ef268cb,spotify:track:3GweDldi2HrraUKLexWUeb,0.718,0.56,-6.739,0.0564,0.141,0.14800000000000002,0.292,75.031,2
Bryce Vine,Los Angeles,(05/15) 10:43 AM,be879464e7de2970d1c131ff004f9b6d4ef268cb,spotify:track:0GJnCFj7z7hvxo7AKX1PM8,0.728,0.812,-6.099,0.0671,0.121,0.293,0.8240000000000001,150.093,0
lovelytheband,broken - Cash Cash Remix,(05/15) 10:39 AM,be879464e7de2970d1c131ff004f9b6d4ef268cb,spotify:track:5W0vgRE9B23TZDj5B7pRUO,0.4970000000000001,0.747,-3.112,0.0894,0.0259,0.0697,0.355,140.81,3
Bryce Vine,Nowhere Man,(05/15) 10:36 AM,be879464e7de2970d1c131ff004f9b6d4ef268cb,spotify:track:4Y778EFdrOrvILkY3k4FXO,0.634,0.677,-6.698,0.0336,0.101,0.0576,0.33,122.035,4
Bryce Vine,La La Land (feat. YG),(05/15) 10:32 AM,be879464e7de2970d1c131ff004f9b6d4ef268cb,spotify:track:4oM9DGUTrRaXJDypxxHztZ,0.774,0.473,-5.122000000000001,0.0569,0.221,0.222,0.416,97.953,2
X Ambassadors,HOLD YOU DOWN,(05/15) 10:29 AM,be879464e7de2970d1c131ff004f9b6d4ef268cb,spotify:track:3Tiv2bF1OLCXXnuXaDKaG3,0.5770000000000001,0.627,-5.553,0.0533,0.0491,0.0766,0.446,78.96,4
Boy In Space,7UP,(05/15) 10:26 AM,be879464e7de2970d1c131ff004f9b6d4ef268cb,spotify:track:4cB00WOFuQFLoDpnydcx8c,0.616,0.469,-7.38,0.027000000000000003,0.0167,0.111,0.233,135.035,4
Kygo,I'll Wait,(05/15) 10:23 AM,be879464e7de2970d1c131ff004f9b6d4ef268cb,spotify:track:6Q3K9gVUZRMZqZKrXovbM2,0.611,0.6509999999999999,-6.973,0.0587,0.14800000000000002,0.105,0.35700000000000004,122.983,4
Galantis,Runaway (U & I),(05/14) 17:36 PM,a839ee1008a32fb4ce03b1d5e37e9c88f78e8162,spotify:track:46lFttIf5hnUZMGvjK0Wxo,0.506,0.805,-4.119,0.0469,0.007109999999999998,0.0856,0.383,126.008,3
Post Malone,I'm Gonna Be,(05/14) 14:56 PM,280fff69badcfb565cdef2b82f0ea1d708dd2bca,spotify:track:1ckLp8lCl8LipXI0ypX72m,0.746,0.5589999999999999,-4.008,0.0316,0.703,0.14800000000000002,0.368,117.943,2
TWIN XL,Neon Summer,(05/14) 14:53 PM,280fff69badcfb565cdef2b82f0ea1d708dd2bca,spotify:track:4NjW9Srshx2xuTdEoUnf9C,0.398,0.785,-4.853,0.0424,0.00129,0.109,0.688,75.023,0
lovelytheband,stupid mistakes,(05/14) 14:50 PM,280fff69badcfb565cdef2b82f0ea1d708dd2bca,spotify:track:3yGZzSxHvvQKwMsAtFfNF5,0.6970000000000001,0.713,-6.567,0.0265,0.133,0.23,0.529,128.974,4
Lauv,Tattoos Together,(05/14) 14:46 PM,280fff69badcfb565cdef2b82f0ea1d708dd2bca,spotify:track:1Srt81FTalOhRw7t7l8Yh8,0.862,0.4,-7.4860000000000015,0.0736,0.00575,0.123,0.596,122.963,2
Kid Travis,Strawberry Skies,(05/14) 14:43 PM,280fff69badcfb565cdef2b82f0ea1d708dd2bca,spotify:track:2p1onANhkUkyMZKKigOUJu,0.65,0.462,-6.589,0.0891,0.366,0.159,0.65,89.887,2
lovelytheband,coachella,(05/14) 14:40 PM,280fff69badcfb565cdef2b82f0ea1d708dd2bca,spotify:track:1bPJ6Ay1La8IYPCuCvQA7k,0.563,0.6459999999999999,-6.849,0.0312,0.0664,0.0877,0.28800000000000003,115.013,4
Delaney Jane,Throwback,(05/14) 14:36 PM,280fff69badcfb565cdef2b82f0ea1d708dd2bca,spotify:track:0O64j1yLdHg17XDfleKiYH,0.613,0.731,-3.993,0.0625,0.177,0.107,0.322,107.071,4
TWIN XL,Good,(05/14) 14:32 PM,280fff69badcfb565cdef2b82f0ea1d708dd2bca,spotify:track:7sRdxkgNb3m3Ciai38ANmd,0.617,0.964,-3.559,0.0355,0.113,0.247,0.961,75.97800000000002,0
TWIN XL,"Don't Wake Me, I'm Still Dreaming",(05/14) 14:30 PM,280fff69badcfb565cdef2b82f0ea1d708dd2bca,spotify:track:6NdL165hAxSKNnozIA2HDY,0.388,0.777,-5.194,0.0341,0.0218,0.101,0.218,163.805,3
joan,drive all night,(05/14) 14:26 PM,280fff69badcfb565cdef2b82f0ea1d708dd2bca,spotify:track:75ZKw8JLaFsYr51J44fQ4N,0.542,0.758,-5.032,0.0313,0.000184,0.14400000000000002,0.43,156.128,3
Loud Luxury,I'm Not Alright - Frank Walker Remix,(05/14) 14:23 PM,280fff69badcfb565cdef2b82f0ea1d708dd2bca,spotify:track:7ojmU04SuSKtIjzODRFIiB,0.741,0.8690000000000001,-3.557,0.0366,0.0176,0.13699999999999998,0.6859999999999999,124.99,0
Bryce Vine,San Junipero,(05/14) 14:20 PM,280fff69badcfb565cdef2b82f0ea1d708dd2bca,spotify:track:2Z8WXN2oV5dzxTWjscQQr2,0.6890000000000001,0.7020000000000001,-5.278,0.0356,0.203,0.145,0.562,98.018,0
Post Malone,Myself,(05/14) 14:17 PM,280fff69badcfb565cdef2b82f0ea1d708dd2bca,spotify:track:2cvOfKHOHgwQlLiuLKP2xR,0.476,0.701,-4.234,0.0349,0.102,0.242,0.405,163.882,3
Post Malone,Hollywood's Bleeding,(05/14) 14:14 PM,280fff69badcfb565cdef2b82f0ea1d708dd2bca,spotify:track:7sWRlDoTDX8geTR8zzr2vt,0.405,0.6459999999999999,-3.2060000000000004,0.0476,0.331,0.103,0.17,130.218,3
Kygo,I'll Wait,(05/14) 11:30 AM,21d720d70dddf34675c96b0d9467ca66d23954dc,spotify:track:6Q3K9gVUZRMZqZKrXovbM2,0.611,0.6509999999999999,-6.973,0.0587,0.14800000000000002,0.105,0.35700000000000004,122.983,4
Nightly,Twenty Something,(05/14) 11:26 AM,21d720d70dddf34675c96b0d9467ca66d23954dc,spotify:track:6Wz9rIfo9tOBcVCd1Mo7F7,0.6409999999999999,0.589,-6.305,0.0275,0.096,0.208,0.11,100.001,4
Lauv,Changes,(05/14) 11:21 AM,21d720d70dddf34675c96b0d9467ca66d23954dc,spotify:track:7cDpMO5wuWgvv3j4INRBeB,0.532,0.455,-8.366,0.156,0.452,0.237,0.204,148.18200000000004,6
Bryce Vine,Nowhere Man,(05/14) 11:19 AM,21d720d70dddf34675c96b0d9467ca66d23954dc,spotify:track:4Y778EFdrOrvILkY3k4FXO,0.634,0.677,-6.698,0.0336,0.101,0.0576,0.33,122.035,4
ayokay,Cassette,(05/14) 11:15 AM,21d720d70dddf34675c96b0d9467ca66d23954dc,spotify:track:3GweDldi2HrraUKLexWUeb,0.718,0.56,-6.739,0.0564,0.141,0.14800000000000002,0.292,75.031,2
Martin Garrix,Used To Love (with Dean Lewis),(05/13) 22:53 PM,0c2ebe24846bc522783466edeba66d8d200a0e7a,spotify:track:7pWK1kMgHy5lNNiIfuRbkP,0.6509999999999999,0.693,-4.722,0.0375,0.458,0.335,0.392,118.97,4
Bryce Vine,La La Land (feat. YG),(05/13) 22:50 PM,0c2ebe24846bc522783466edeba66d8d200a0e7a,spotify:track:4oM9DGUTrRaXJDypxxHztZ,0.774,0.473,-5.122000000000001,0.0569,0.221,0.222,0.416,97.953,2
Seven Lions,First Time (feat. Dylan Matthew),(05/13) 22:47 PM,0c2ebe24846bc522783466edeba66d8d200a0e7a,spotify:track:27YD36FUikKxbp3bKSiKGZ,0.422,0.677,-5.76,0.0365,0.251,0.16,0.146,150.131,3
Galantis,Runaway (U & I),(05/13) 22:42 PM,0c2ebe24846bc522783466edeba66d8d200a0e7a,spotify:track:46lFttIf5hnUZMGvjK0Wxo,0.506,0.805,-4.119,0.0469,0.007109999999999998,0.0856,0.383,126.008,3
Jai Wolf,Better Apart (feat. Dresage),(05/13) 22:38 PM,0c2ebe24846bc522783466edeba66d8d200a0e7a,spotify:track:1TFC1wutiIHQQ9buf8bxQI,0.489,0.703,-4.564,0.026,0.013,0.104,0.256,149.977,3
LANY,pink skies,(05/13) 22:34 PM,0c2ebe24846bc522783466edeba66d8d200a0e7a,spotify:track:6BZ6pl5bczDc3cMF1kBaOy,0.7190000000000001,0.631,-6.6160000000000005,0.0433,0.266,0.134,0.466,103.968,2
Marc E. Bassy,Just My Luck,(05/13) 22:31 PM,0c2ebe24846bc522783466edeba66d8d200a0e7a,spotify:track:2QsBAfiNmngcrZsOTznqBG,0.617,0.64,-5.601,0.042,0.28300000000000003,0.16399999999999998,0.34600000000000003,156.98,4
Said the Sky,Erase Me,(05/13) 22:28 PM,0c2ebe24846bc522783466edeba66d8d200a0e7a,spotify:track:0AISJtBDtZXgB2fuvcjQEN,0.528,0.61,-6.564,0.0287,0.376,0.211,0.304,130.11,6
lovelytheband,broken - Cash Cash Remix,(05/13) 22:23 PM,0c2ebe24846bc522783466edeba66d8d200a0e7a,spotify:track:5W0vgRE9B23TZDj5B7pRUO,0.4970000000000001,0.747,-3.112,0.0894,0.0259,0.0697,0.355,140.81,3
Boy In Space,7UP,(05/13) 22:20 PM,0c2ebe24846bc522783466edeba66d8d200a0e7a,spotify:track:4cB00WOFuQFLoDpnydcx8c,0.616,0.469,-7.38,0.027000000000000003,0.0167,0.111,0.233,135.035,4
Said the Sky,All I Got,(05/12) 22:09 PM,13fc5c8cbbeaaca00eb6118a2d3e31b0588f0a99,spotify:track:1iaTDu4PCIWQQOwwwqq5qW,0.325,0.578,-6.7860000000000005,0.0455,0.158,0.575,0.103,144.745,3
Calvin Harris,Summer,(05/12) 22:06 PM,13fc5c8cbbeaaca00eb6118a2d3e31b0588f0a99,spotify:track:6YUTL4dYpB9xZO5qExPf05,0.596,0.856,-3.556,0.0346,0.0211,0.141,0.743,127.949,0
Post Malone,Hollywood's Bleeding,(05/12) 22:02 PM,13fc5c8cbbeaaca00eb6118a2d3e31b0588f0a99,spotify:track:7sWRlDoTDX8geTR8zzr2vt,0.405,0.6459999999999999,-3.2060000000000004,0.0476,0.331,0.103,0.17,130.218,3
Post Malone,Hollywood's Bleeding,(05/12) 21:56 PM,13fc5c8cbbeaaca00eb6118a2d3e31b0588f0a99,spotify:track:7sWRlDoTDX8geTR8zzr2vt,0.405,0.6459999999999999,-3.2060000000000004,0.0476,0.331,0.103,0.17,130.218,3
Oh Wonder,Happy,(05/12) 21:53 PM,13fc5c8cbbeaaca00eb6118a2d3e31b0588f0a99,spotify:track:64oxZ8Ma5HAWV04LAI2KwT,0.698,0.516,-8.472000000000001,0.0331,0.454,0.0922,0.516,101.979,2
Kid Travis,Strawberry Skies,(05/12) 21:50 PM,13fc5c8cbbeaaca00eb6118a2d3e31b0588f0a99,spotify:track:2p1onANhkUkyMZKKigOUJu,0.65,0.462,-6.589,0.0891,0.366,0.159,0.65,89.887,2
Quinn XCII,U & Us,(05/12) 20:30 PM,cddfa83f7e0740f80719b7ef7b28548a291290d9,spotify:track:6SL7KzIA96f0HiKjuv7tED,0.605,0.73,-7.871,0.0425,0.087,0.187,0.263,130.025,4
Post Malone,I'm Gonna Be,(05/12) 20:26 PM,cddfa83f7e0740f80719b7ef7b28548a291290d9,spotify:track:1ckLp8lCl8LipXI0ypX72m,0.746,0.5589999999999999,-4.008,0.0316,0.703,0.14800000000000002,0.368,117.943,2
Dabin,Holding On,(05/12) 20:23 PM,cddfa83f7e0740f80719b7ef7b28548a291290d9,spotify:track:71kkmlYkfgbrFNozWnquQi,0.491,0.675,-5.722,0.0368,0.0518,0.111,0.23,144.98,3
Lennon Stella,Kissing Other People,(05/12) 20:19 PM,cddfa83f7e0740f80719b7ef7b28548a291290d9,spotify:track:4WjTbrxOPvSwQlajlE4aXH,0.691,0.662,-5.941,0.0738,0.5479999999999999,0.119,0.299,94.028,2
Lauv,Tattoos Together,(05/12) 20:16 PM,cddfa83f7e0740f80719b7ef7b28548a291290d9,spotify:track:1Srt81FTalOhRw7t7l8Yh8,0.862,0.4,-7.4860000000000015,0.0736,0.00575,0.123,0.596,122.963,2
88rising,La La Lost You,(05/12) 20:13 PM,cddfa83f7e0740f80719b7ef7b28548a291290d9,spotify:track:5Htq8DDDN0Xce9MwqzAzui,0.721,0.5820000000000001,-8.251,0.0411,0.315,0.065,0.487,100.083,2
ODESZA,Falls (feat. Sasha Sloan),(05/12) 20:09 PM,cddfa83f7e0740f80719b7ef7b28548a291290d9,spotify:track:6oNZ0WxqptE7V0qpjtyJ4a,0.294,0.6970000000000001,-6.029,0.128,0.0398,0.136,0.183,160.566,3
TWIN XL,Neon Summer,(05/12) 20:05 PM,cddfa83f7e0740f80719b7ef7b28548a291290d9,spotify:track:4NjW9Srshx2xuTdEoUnf9C,0.398,0.785,-4.853,0.0424,0.00129,0.109,0.688,75.023,0
lovelytheband,stupid mistakes,(05/12) 20:02 PM,cddfa83f7e0740f80719b7ef7b28548a291290d9,spotify:track:3yGZzSxHvvQKwMsAtFfNF5,0.6970000000000001,0.713,-6.567,0.0265,0.133,0.23,0.529,128.974,4
Social House,Love Me Back,(05/12) 17:11 PM,bf64d9dd6b2c2c4d06dd6ffea1a6c32604930682,spotify:track:0Vs8BRdNnyuk0QXWPWvICK,0.5589999999999999,0.4370000000000001,-10.27,0.0311,0.585,0.101,0.43,157.991,6
John K,OT,(05/12) 17:07 PM,bf64d9dd6b2c2c4d06dd6ffea1a6c32604930682,spotify:track:1YuIEfhp8umr6QSal4FTK4,0.7340000000000001,0.443,-6.466,0.0788,0.434,0.107,0.617,79.485,2
Jeremy Zucker,Flying Kites,(05/12) 17:04 PM,bf64d9dd6b2c2c4d06dd6ffea1a6c32604930682,spotify:track:0yjdEwkPYbhCXN6uCedpVu,0.726,0.46,-5.33,0.0758,0.932,0.0731,0.665,143.737,5
LANY,Malibu Nights,(05/12) 17:01 PM,bf64d9dd6b2c2c4d06dd6ffea1a6c32604930682,spotify:track:0Eqg0CQ7bK3RQIMPw1A7pl,0.5589999999999999,0.422,-11.89,0.195,0.701,0.0853,0.191,74.002,5
joan,tokyo,(05/12) 16:54 PM,bf64d9dd6b2c2c4d06dd6ffea1a6c32604930682,spotify:track:2k7GyFSbErjCvk1QlTChxL,0.631,0.7859999999999999,-5.267,0.0353,0.00716,0.12,0.7609999999999999,102.027,0
khai dreams,Through and Through,(05/12) 16:50 PM,bf64d9dd6b2c2c4d06dd6ffea1a6c32604930682,spotify:track:4RHyIzFRht2z17XeHB9dsF,0.851,0.424,-9.307,0.0463,0.383,0.0843,0.591,94.927,2
UMI,Remember Me,(05/12) 16:48 PM,bf64d9dd6b2c2c4d06dd6ffea1a6c32604930682,spotify:track:630Ug0XtmhhFvAKo0PNuEI,0.84,0.344,-8.613,0.0374,0.456,0.35,0.526,111.994,2
Clueless Kit,Come to a Stop (feat. Kora),(05/12) 16:45 PM,bf64d9dd6b2c2c4d06dd6ffea1a6c32604930682,spotify:track:169koB619bHoCZGLgAcDSX,0.867,0.4920000000000001,-6.6629999999999985,0.395,0.767,0.102,0.542,160.031,5
Joji,SLOW DANCING IN THE DARK,(05/12) 16:41 PM,bf64d9dd6b2c2c4d06dd6ffea1a6c32604930682,spotify:track:0rKtyWc8bvkriBthvHKY8d,0.515,0.479,-7.457999999999998,0.0261,0.544,0.191,0.284,88.964,6
Chris Wright,Sleep Alone,(05/12) 16:38 PM,bf64d9dd6b2c2c4d06dd6ffea1a6c32604930682,spotify:track:3uLeFt6TLThy8ij5cf6MTt,0.763,0.28600000000000003,-15.599,0.102,0.772,0.0954,0.175,112.192,1
Oh Wonder,Plans,(05/12) 16:35 PM,bf64d9dd6b2c2c4d06dd6ffea1a6c32604930682,spotify:track:5jOQ5v49S1h496AiNlk682,0.458,0.298,-13.191,0.25,0.833,0.0631,0.14400000000000002,76.575,1
Nightly,the movies,(05/12) 16:31 PM,bf64d9dd6b2c2c4d06dd6ffea1a6c32604930682,spotify:track:4RR9tI04ScTvVBCVTyTzhy,0.6509999999999999,0.87,-4.8180000000000005,0.0262,0.0773,0.0852,0.8109999999999999,109.984,0
Brent Faiyaz,Gang Over Luv,(05/12) 16:24 PM,bf64d9dd6b2c2c4d06dd6ffea1a6c32604930682,spotify:track:7LaI3mRTJu66r9HKdv7iBx,0.7809999999999999,0.277,-9.35,0.326,0.0408,0.0754,0.302,163.987,6
RINI,Carefree,(05/12) 16:20 PM,bf64d9dd6b2c2c4d06dd6ffea1a6c32604930682,spotify:track:1dlgxW5PwUT0v1xzHTCRgH,0.715,0.317,-12.28,0.109,0.8240000000000001,0.123,0.239,120.029,1
LANY,I Don't Wanna Love You Anymore,(05/12) 16:17 PM,bf64d9dd6b2c2c4d06dd6ffea1a6c32604930682,spotify:track:7ArrTJ1LwcGAlEO65LUQ7i,0.7020000000000001,0.623,-8.36,0.0417,0.322,0.0858,0.503,104.974,2
Timeflies,Nobody Has to Know,(05/12) 16:13 PM,bf64d9dd6b2c2c4d06dd6ffea1a6c32604930682,spotify:track:4iaPzRl9XegHsNdZfuHWFD,0.725,0.57,-4.06,0.106,0.723,0.085,0.238,146.233,6
Bren Joy,Pocket,(05/12) 16:10 PM,bf64d9dd6b2c2c4d06dd6ffea1a6c32604930682,spotify:track:58sk9eLrezl40SvzmJKOBG,0.52,0.685,-6.54,0.0539,0.0946,0.0998,0.389,153.996,3
COIN,Malibu 1992,(05/12) 16:06 PM,bf64d9dd6b2c2c4d06dd6ffea1a6c32604930682,spotify:track:0nMqu5vN44GNv8UOQxmBJK,0.5589999999999999,0.32,-7.694,0.0414,0.0644,0.173,0.4970000000000001,147.366,4
Oh Wonder,Drive,(05/12) 16:00 PM,bf64d9dd6b2c2c4d06dd6ffea1a6c32604930682,spotify:track:2kJqNHHGOzLNahukdvlDWN,0.657,0.456,-8.351,0.0961,0.705,0.084,0.381,141.735,5
Death Cab for Cutie,Northern Lights,(05/12) 15:57 PM,bf64d9dd6b2c2c4d06dd6ffea1a6c32604930682,spotify:track:28QF5ELXqDnaBjPjGTlzAK,0.514,0.95,-3.807,0.0298,0.00575,0.134,0.665,137.975,0
Cash Cash,Take Me Home (feat. Bebe Rexha),(05/12) 15:53 PM,bf64d9dd6b2c2c4d06dd6ffea1a6c32604930682,spotify:track:2zMXH5k5NZy1Nw460bLvRh,0.5710000000000001,0.903,-2.184,0.214,0.0615,0.18600000000000005,0.477,127.951,0
flora cash,Missing Home,(05/12) 15:49 PM,bf64d9dd6b2c2c4d06dd6ffea1a6c32604930682,spotify:track:29j2Y1N3vpyvm385G4TFSS,0.608,0.728,-6.612,0.0393,0.339,0.0741,0.246,89.994,4
Phillip Phillips,"Gone, Gone, Gone",(05/12) 15:46 PM,bf64d9dd6b2c2c4d06dd6ffea1a6c32604930682,spotify:track:5L79aNYCTKiZq7vaOElXYj,0.664,0.642,-5.961,0.038,0.129,0.114,0.501,118.002,4
Timeflies,Gravity,(05/12) 15:42 PM,bf64d9dd6b2c2c4d06dd6ffea1a6c32604930682,spotify:track:4eCe46kZbdcdHeWhjZww8I,0.68,0.6659999999999999,-5.698,0.0441,0.0217,0.125,0.501,74.0,0
LANY,ILYSB,(05/12) 15:39 PM,bf64d9dd6b2c2c4d06dd6ffea1a6c32604930682,spotify:track:2btKtacOXuMtC9WjcNRvAA,0.636,0.623,-7.016,0.0603,0.468,0.35100000000000003,0.389,100.026,2
khai dreams,Summer Is Like a Dream,(05/12) 15:35 PM,bf64d9dd6b2c2c4d06dd6ffea1a6c32604930682,spotify:track:2X5k8OYH8ibJSZzxAMYVkw,0.586,0.384,-16.529,0.246,0.821,0.0741,0.648,140.006,5
flor,back again,(05/12) 15:33 PM,bf64d9dd6b2c2c4d06dd6ffea1a6c32604930682,spotify:track:1J5rHMEvQFpM07iLULi48A,0.636,0.597,-6.884,0.0279,0.118,0.124,0.639,84.979,2
LANY,Malibu Nights,(05/12) 15:29 PM,bf64d9dd6b2c2c4d06dd6ffea1a6c32604930682,spotify:track:0Eqg0CQ7bK3RQIMPw1A7pl,0.5589999999999999,0.422,-11.89,0.195,0.701,0.0853,0.191,74.002,5
SLANDER,Potions,(05/12) 15:25 PM,bf64d9dd6b2c2c4d06dd6ffea1a6c32604930682,spotify:track:5uGCoNepb3NfYHzdVDXQtC,0.545,0.32299999999999995,-12.005999999999998,0.0391,0.102,0.107,0.193,149.941,6
lovelytheband,coachella,(05/12) 15:21 PM,bf64d9dd6b2c2c4d06dd6ffea1a6c32604930682,spotify:track:1bPJ6Ay1La8IYPCuCvQA7k,0.563,0.6459999999999999,-6.849,0.0312,0.0664,0.0877,0.28800000000000003,115.013,4
ayokay,Cassette,(05/11) 23:24 PM,6c5978f7c2722c0e3d938e15a20880201097507c,spotify:track:3GweDldi2HrraUKLexWUeb,0.718,0.56,-6.739,0.0564,0.141,0.14800000000000002,0.292,75.031,2
Post Malone,I'm Gonna Be,(05/11) 23:21 PM,6c5978f7c2722c0e3d938e15a20880201097507c,spotify:track:1ckLp8lCl8LipXI0ypX72m,0.746,0.5589999999999999,-4.008,0.0316,0.703,0.14800000000000002,0.368,117.943,2
Delaney Jane,Throwback,(05/11) 23:18 PM,6c5978f7c2722c0e3d938e15a20880201097507c,spotify:track:0O64j1yLdHg17XDfleKiYH,0.613,0.731,-3.993,0.0625,0.177,0.107,0.322,107.071,4
lovelytheband,stupid mistakes,(05/11) 23:14 PM,6c5978f7c2722c0e3d938e15a20880201097507c,spotify:track:3yGZzSxHvvQKwMsAtFfNF5,0.6970000000000001,0.713,-6.567,0.0265,0.133,0.23,0.529,128.974,4
Marc E. Bassy,Just My Luck,(05/11) 23:10 PM,6c5978f7c2722c0e3d938e15a20880201097507c,spotify:track:2QsBAfiNmngcrZsOTznqBG,0.617,0.64,-5.601,0.042,0.28300000000000003,0.16399999999999998,0.34600000000000003,156.98,4
lovelytheband,broken - Cash Cash Remix,(05/11) 23:07 PM,6c5978f7c2722c0e3d938e15a20880201097507c,spotify:track:5W0vgRE9B23TZDj5B7pRUO,0.4970000000000001,0.747,-3.112,0.0894,0.0259,0.0697,0.355,140.81,3
Bryce Vine,Drew Barrymore,(05/11) 23:04 PM,6c5978f7c2722c0e3d938e15a20880201097507c,spotify:track:7nvIPwXKGhqtRhssxM99kJ,0.758,0.574,-6.8889999999999985,0.0572,0.46,0.102,0.261,151.985,6
Boy In Space,Cold,(05/11) 23:00 PM,6c5978f7c2722c0e3d938e15a20880201097507c,spotify:track:5jYe1mOKg5zUx0enf1DOdz,0.711,0.412,-6.827000000000001,0.0445,0.184,0.0546,0.18600000000000005,130.015,6
TWIN XL,Good,(05/11) 22:57 PM,6c5978f7c2722c0e3d938e15a20880201097507c,spotify:track:7sRdxkgNb3m3Ciai38ANmd,0.617,0.964,-3.559,0.0355,0.113,0.247,0.961,75.97800000000002,0
Lauv,Mean It - stripped,(05/11) 22:54 PM,6c5978f7c2722c0e3d938e15a20880201097507c,spotify:track:27as7exfxU3cNaYKr3HlHI,0.5379999999999999,0.228,-10.837,0.0334,0.746,0.126,0.517,90.912,5
Lauv,Mean It - stripped,(05/11) 21:29 PM,c9c9da26d00ac8dbb016265dc17cccf13fbad327,spotify:track:27as7exfxU3cNaYKr3HlHI,0.5379999999999999,0.228,-10.837,0.0334,0.746,0.126,0.517,90.912,5
Loud Luxury,I'm Not Alright - Frank Walker Remix,(05/11) 21:27 PM,c9c9da26d00ac8dbb016265dc17cccf13fbad327,spotify:track:7ojmU04SuSKtIjzODRFIiB,0.741,0.8690000000000001,-3.557,0.0366,0.0176,0.13699999999999998,0.6859999999999999,124.99,0
Nightly,Twenty Something,(05/11) 21:24 PM,c9c9da26d00ac8dbb016265dc17cccf13fbad327,spotify:track:6Wz9rIfo9tOBcVCd1Mo7F7,0.6409999999999999,0.589,-6.305,0.0275,0.096,0.208,0.11,100.001,4
joan,drive all night,(05/11) 21:19 PM,c9c9da26d00ac8dbb016265dc17cccf13fbad327,spotify:track:75ZKw8JLaFsYr51J44fQ4N,0.542,0.758,-5.032,0.0313,0.000184,0.14400000000000002,0.43,156.128,3
Bryce Vine,San Junipero,(05/11) 21:16 PM,c9c9da26d00ac8dbb016265dc17cccf13fbad327,spotify:track:2Z8WXN2oV5dzxTWjscQQr2,0.6890000000000001,0.7020000000000001,-5.278,0.0356,0.203,0.145,0.562,98.018,0
Post Malone,Myself,(05/11) 21:13 PM,c9c9da26d00ac8dbb016265dc17cccf13fbad327,spotify:track:2cvOfKHOHgwQlLiuLKP2xR,0.476,0.701,-4.234,0.0349,0.102,0.242,0.405,163.882,3
ILLENIUM,Good Things Fall Apart (with Jon Bellion),(05/11) 21:10 PM,c9c9da26d00ac8dbb016265dc17cccf13fbad327,spotify:track:3LxG9HkMMFP0MZuiw3O2rF,0.643,0.603,-5.416,0.0311,0.012,0.118,0.42,144.01,4
TWIN XL,"Don't Wake Me, I'm Still Dreaming",(05/11) 21:07 PM,c9c9da26d00ac8dbb016265dc17cccf13fbad327,spotify:track:6NdL165hAxSKNnozIA2HDY,0.388,0.777,-5.194,0.0341,0.0218,0.101,0.218,163.805,3
Kygo,I'll Wait,(05/11) 21:03 PM,c9c9da26d00ac8dbb016265dc17cccf13fbad327,spotify:track:6Q3K9gVUZRMZqZKrXovbM2,0.611,0.6509999999999999,-6.973,0.0587,0.14800000000000002,0.105,0.35700000000000004,122.983,4
keshi,2 soon,(05/11) 21:00 PM,c9c9da26d00ac8dbb016265dc17cccf13fbad327,spotify:track:5SlU0Yhi51jobhEiGE4xDv,0.517,0.6629999999999999,-6.688,0.0375,0.146,0.322,0.146,174.032,3
The Chainsmokers,All We Know (feat. Phoebe Ryan),(05/11) 18:19 PM,5d37ec79642f38409cd8e5a0ce6e104e5cc92e5d,spotify:track:2rizacJSyD9S1IQUxUxnsK,0.662,0.586,-8.821,0.0307,0.097,0.115,0.29600000000000004,90.0,4
Phillip Phillips,"Gone, Gone, Gone",(05/11) 18:15 PM,5d37ec79642f38409cd8e5a0ce6e104e5cc92e5d,spotify:track:5L79aNYCTKiZq7vaOElXYj,0.664,0.642,-5.961,0.038,0.129,0.114,0.501,118.002,4
Quinn XCII,U & Us,(05/11) 18:11 PM,5d37ec79642f38409cd8e5a0ce6e104e5cc92e5d,spotify:track:6SL7KzIA96f0HiKjuv7tED,0.605,0.73,-7.871,0.0425,0.087,0.187,0.263,130.025,4
COIN,Atlas,(05/11) 17:46 PM,e18cdc5ff2f8254312c32aef805c16b959467b03,spotify:track:7HbTWMc28PYvjltuhArnKG,0.38,0.769,-5.572,0.0748,0.007409999999999998,0.163,0.562,174.22299999999996,3
Talos,See Me,(05/11) 17:42 PM,e18cdc5ff2f8254312c32aef805c16b959467b03,spotify:track:4akuE3uBD4t5HTXaAEm88t,0.436,0.6609999999999999,-6.034,0.0353,0.247,0.105,0.149,168.043,3
Boy In Space,7UP,(05/11) 17:38 PM,e18cdc5ff2f8254312c32aef805c16b959467b03,spotify:track:4cB00WOFuQFLoDpnydcx8c,0.616,0.469,-7.38,0.027000000000000003,0.0167,0.111,0.233,135.035,4
Said the Sky,All I Got,(05/11) 17:35 PM,e18cdc5ff2f8254312c32aef805c16b959467b03,spotify:track:1iaTDu4PCIWQQOwwwqq5qW,0.325,0.578,-6.7860000000000005,0.0455,0.158,0.575,0.103,144.745,3
Fialta,High Above Chicago,(05/10) 21:47 PM,70df5e58a2b6ee8a9c9f0ddbeea6cac2d1fc26d9,spotify:track:6brEbACn8gEJAZjbNQEElb,0.603,0.361,-9.335,0.0291,0.416,0.105,0.131,121.098,6
Chris Wright,Up and Down,(05/10) 21:45 PM,70df5e58a2b6ee8a9c9f0ddbeea6cac2d1fc26d9,spotify:track:2qcusYRhQiSQexL1cmkj8N,0.501,0.523,-9.298,0.174,0.877,0.14300000000000002,0.5760000000000001,132.34799999999998,5
COIN,Talk Too Much,(05/10) 21:42 PM,70df5e58a2b6ee8a9c9f0ddbeea6cac2d1fc26d9,spotify:track:4djIFfof5TpbSGRZUpsTXq,0.598,0.888,-5.119,0.0807,0.00947,0.34700000000000003,0.482,103.966,0
HONNE,Me & You �,(05/10) 21:39 PM,70df5e58a2b6ee8a9c9f0ddbeea6cac2d1fc26d9,spotify:track:1ITJTMrS4cx8zdlI7DdSoo,0.769,0.546,-8.27,0.0387,0.645,0.0948,0.603,120.22,2
Seven Lions,Rush Over Me,(05/10) 21:35 PM,70df5e58a2b6ee8a9c9f0ddbeea6cac2d1fc26d9,spotify:track:6BDLcvvtyJD2vnXRDi1IjQ,0.441,0.753,-4.074,0.044,0.0701,0.027000000000000003,0.254,135.015,3
Phillip Phillips,Home,(05/10) 21:31 PM,70df5e58a2b6ee8a9c9f0ddbeea6cac2d1fc26d9,spotify:track:4rsW3WCZBGwhHfJWuHRwyT,0.606,0.826,-6.04,0.0307,0.0256,0.117,0.322,121.04,4
COIN,Atlas,(05/10) 21:27 PM,70df5e58a2b6ee8a9c9f0ddbeea6cac2d1fc26d9,spotify:track:7HbTWMc28PYvjltuhArnKG,0.38,0.769,-5.572,0.0748,0.007409999999999998,0.163,0.562,174.22299999999996,3
DPR LIVE,Jasmine,(05/10) 21:24 PM,70df5e58a2b6ee8a9c9f0ddbeea6cac2d1fc26d9,spotify:track:2IgbYlOlFpiSFYnsqB39lM,0.597,0.486,-5.893,0.0986,0.331,0.14,0.397,137.68,6
Alan Walker,Faded,(05/10) 21:20 PM,70df5e58a2b6ee8a9c9f0ddbeea6cac2d1fc26d9,spotify:track:7gHs73wELdeycvS48JfIos,0.589,0.6509999999999999,-5.097,0.0306,0.0291,0.111,0.166,90.01100000000002,4
khai dreams,Lost in You,(05/10) 21:17 PM,70df5e58a2b6ee8a9c9f0ddbeea6cac2d1fc26d9,spotify:track:5mkRGTbm3BwPzNQL9oBV9e,0.7709999999999999,0.607,-12.02,0.113,0.336,0.122,0.79,90.039,2
Oh Wonder,Plans,(05/10) 21:15 PM,70df5e58a2b6ee8a9c9f0ddbeea6cac2d1fc26d9,spotify:track:5jOQ5v49S1h496AiNlk682,0.458,0.298,-13.191,0.25,0.833,0.0631,0.14400000000000002,76.575,1
Zedd,Beautiful Now,(05/10) 21:11 PM,70df5e58a2b6ee8a9c9f0ddbeea6cac2d1fc26d9,spotify:track:2ISSQPb9LHHiV6ng2NXosL,0.628,0.833,-4.126,0.0282,0.0079,0.07400000000000001,0.56,128.003,0
Zedd,Spectrum,(05/10) 21:07 PM,70df5e58a2b6ee8a9c9f0ddbeea6cac2d1fc26d9,spotify:track:1dFkD1JfRMzwO6hwUsE8aS,0.609,0.8009999999999999,-4.417,0.034,0.0137,0.127,0.407,129.99,0
Kid Travis,Strawberry Skies,(05/10) 21:03 PM,70df5e58a2b6ee8a9c9f0ddbeea6cac2d1fc26d9,spotify:track:2p1onANhkUkyMZKKigOUJu,0.65,0.462,-6.589,0.0891,0.366,0.159,0.65,89.887,2
Jeremy Zucker,desire,(05/10) 16:26 PM,7ebc186161cb2e2a5f447af43f7ad7bbb29034f2,spotify:track:4cxwiuYJltrPeWr5FDDntO,0.623,0.236,-12.529000000000002,0.0485,0.843,0.376,0.35100000000000003,137.938,1
LANY,I Don't Wanna Love You Anymore,(05/10) 16:19 PM,7ebc186161cb2e2a5f447af43f7ad7bbb29034f2,spotify:track:7ArrTJ1LwcGAlEO65LUQ7i,0.7020000000000001,0.623,-8.36,0.0417,0.322,0.0858,0.503,104.974,2
ODESZA,Falls (feat. Sasha Sloan),(05/10) 16:16 PM,7ebc186161cb2e2a5f447af43f7ad7bbb29034f2,spotify:track:6oNZ0WxqptE7V0qpjtyJ4a,0.294,0.6970000000000001,-6.029,0.128,0.0398,0.136,0.183,160.566,3
Jeremy Zucker,desire,(05/10) 16:12 PM,7ebc186161cb2e2a5f447af43f7ad7bbb29034f2,spotify:track:4cxwiuYJltrPeWr5FDDntO,0.623,0.236,-12.529000000000002,0.0485,0.843,0.376,0.35100000000000003,137.938,1
Lauv,Mean It - stripped,(05/10) 15:09 PM,d0d912bf70bf8d260b0a8d765348fedf96a1b0e6,spotify:track:27as7exfxU3cNaYKr3HlHI,0.5379999999999999,0.228,-10.837,0.0334,0.746,0.126,0.517,90.912,5
Bazzi,Mine,(05/10) 15:05 PM,d0d912bf70bf8d260b0a8d765348fedf96a1b0e6,spotify:track:7uzmGiiJyRfuViKKK3lVmR,0.71,0.789,-3.874,0.0722,0.0161,0.451,0.7170000000000001,142.929,0
Post Malone,Myself,(05/10) 15:03 PM,d0d912bf70bf8d260b0a8d765348fedf96a1b0e6,spotify:track:2cvOfKHOHgwQlLiuLKP2xR,0.476,0.701,-4.234,0.0349,0.102,0.242,0.405,163.882,3
Bryce Vine,La La Land (feat. YG),(05/10) 14:55 PM,d0d912bf70bf8d260b0a8d765348fedf96a1b0e6,spotify:track:4oM9DGUTrRaXJDypxxHztZ,0.774,0.473,-5.122000000000001,0.0569,0.221,0.222,0.416,97.953,2
Loud Luxury,I'm Not Alright - Frank Walker Remix,(05/10) 14:52 PM,d0d912bf70bf8d260b0a8d765348fedf96a1b0e6,spotify:track:7ojmU04SuSKtIjzODRFIiB,0.741,0.8690000000000001,-3.557,0.0366,0.0176,0.13699999999999998,0.6859999999999999,124.99,0
Martin Garrix,Used To Love (with Dean Lewis),(05/10) 14:49 PM,d0d912bf70bf8d260b0a8d765348fedf96a1b0e6,spotify:track:7pWK1kMgHy5lNNiIfuRbkP,0.6509999999999999,0.693,-4.722,0.0375,0.458,0.335,0.392,118.97,4
2 Friends Remixes,Mr. Brightside - Original,(05/10) 10:27 AM,07e61ef85c35824d7611537ecf143dc7cec7cd76,spotify:track:5XRuR2wBLylhBAK6HMIS29,0.477,0.7759999999999999,-5.933,0.0445,0.026,0.0914,0.445,148.08100000000005,3
Said the Sky,Superstar,(05/10) 10:24 AM,07e61ef85c35824d7611537ecf143dc7cec7cd76,spotify:track:1DxEbPu9z1SVGh7dXMuzS9,0.617,0.721,-5.568,0.0375,0.0712,0.0867,0.422,134.974,4
LANY,ILYSB - STRIPPED,(05/10) 10:20 AM,07e61ef85c35824d7611537ecf143dc7cec7cd76,spotify:track:3Dkvp3L4w0uJFYfIPa8E9H,0.6609999999999999,0.393,-8.199,0.0554,0.546,0.11,0.165,83.851,5
Gryffin,Whole Heart,(05/10) 10:16 AM,07e61ef85c35824d7611537ecf143dc7cec7cd76,spotify:track:4Z1t1aMRif8ES212kTN8H2,0.501,0.648,-7.172999999999999,0.0696,0.028,0.153,0.191,163.834,3
The Chainsmokers,Roses (feat. ROZES) - Zaxx Remix,(05/10) 10:12 AM,07e61ef85c35824d7611537ecf143dc7cec7cd76,spotify:track:5MgBUUjbkQ27Kd9CbeZFLo,0.677,0.8809999999999999,-3.534,0.054000000000000006,0.00445,0.359,0.5660000000000001,128.121,0
Halsey,Without Me - ILLENIUM Remix,(05/10) 10:09 AM,07e61ef85c35824d7611537ecf143dc7cec7cd76,spotify:track:4bw3ZyWA1ui0Adu285NWDl,0.639,0.71,-3.358,0.0479,0.483,0.219,0.373,136.004,4
Oh Wonder,Heart Hope,(05/10) 10:05 AM,07e61ef85c35824d7611537ecf143dc7cec7cd76,spotify:track:2Czp64BykWyWfIssRXQZvT,0.377,0.375,-13.364,0.0505,0.938,0.108,0.0712,122.431,1
The Chainsmokers,Don't Let Me Down (feat. Daya) - Illenium Remix,(05/10) 10:01 AM,07e61ef85c35824d7611537ecf143dc7cec7cd76,spotify:track:15BlympuVSfZFROojEMY2M,0.428,0.6559999999999999,-3.712,0.075,0.0751,0.15,0.355,79.648,4
Boy In Space,7UP,(05/10) 09:57 AM,07e61ef85c35824d7611537ecf143dc7cec7cd76,spotify:track:4cB00WOFuQFLoDpnydcx8c,0.616,0.469,-7.38,0.027000000000000003,0.0167,0.111,0.233,135.035,4
Post Malone,Hollywood's Bleeding,(05/10) 07:53 AM,c115960eeec6d9d76e1ac075e6d435e1ff71019e,spotify:track:7sWRlDoTDX8geTR8zzr2vt,0.405,0.6459999999999999,-3.2060000000000004,0.0476,0.331,0.103,0.17,130.218,3
Quinn XCII,U & Us,(05/09) 21:03 PM,3b0cdf5729f643aee43eb6a3d81a115eb44f83e0,spotify:track:6SL7KzIA96f0HiKjuv7tED,0.605,0.73,-7.871,0.0425,0.087,0.187,0.263,130.025,4
TWIN XL,Neon Summer,(05/09) 20:52 PM,3b0cdf5729f643aee43eb6a3d81a115eb44f83e0,spotify:track:4NjW9Srshx2xuTdEoUnf9C,0.398,0.785,-4.853,0.0424,0.00129,0.109,0.688,75.023,0
Jason Ross,Letting Go (with RUNN),(05/09) 20:49 PM,3b0cdf5729f643aee43eb6a3d81a115eb44f83e0,spotify:track:6XxrZcC4CnlJy1qyYrrxqZ,0.3670000000000001,0.688,-6.11,0.0465,0.16699999999999998,0.0916,0.219,149.636,3
Bazzi,Mine,(05/09) 20:45 PM,3b0cdf5729f643aee43eb6a3d81a115eb44f83e0,spotify:track:7uzmGiiJyRfuViKKK3lVmR,0.71,0.789,-3.874,0.0722,0.0161,0.451,0.7170000000000001,142.929,0
Calvin Harris,Summer,(05/09) 20:43 PM,3b0cdf5729f643aee43eb6a3d81a115eb44f83e0,spotify:track:6YUTL4dYpB9xZO5qExPf05,0.596,0.856,-3.556,0.0346,0.0211,0.141,0.743,127.949,0
Lauv,Tattoos Together,(05/09) 20:39 PM,3b0cdf5729f643aee43eb6a3d81a115eb44f83e0,spotify:track:1Srt81FTalOhRw7t7l8Yh8,0.862,0.4,-7.4860000000000015,0.0736,0.00575,0.123,0.596,122.963,2
Valley,Swim - Reprise,(05/09) 20:36 PM,3b0cdf5729f643aee43eb6a3d81a115eb44f83e0,spotify:track:4eVE7ruYH5dNGYKT2jd5So,0.493,0.782,-6.968,0.0353,0.0187,0.321,0.314,104.941,4
Said the Sky,All I Got,(05/09) 20:32 PM,3b0cdf5729f643aee43eb6a3d81a115eb44f83e0,spotify:track:1iaTDu4PCIWQQOwwwqq5qW,0.325,0.578,-6.7860000000000005,0.0455,0.158,0.575,0.103,144.745,3
ayokay,Cassette,(05/09) 20:04 PM,16ccaa310ccdb414fc11f641be996b90c2b408c1,spotify:track:3GweDldi2HrraUKLexWUeb,0.718,0.56,-6.739,0.0564,0.141,0.14800000000000002,0.292,75.031,2
ayokay,Cassette,(05/09) 20:01 PM,16ccaa310ccdb414fc11f641be996b90c2b408c1,spotify:track:3GweDldi2HrraUKLexWUeb,0.718,0.56,-6.739,0.0564,0.141,0.14800000000000002,0.292,75.031,2
Kid Travis,Strawberry Skies,(05/09) 19:58 PM,16ccaa310ccdb414fc11f641be996b90c2b408c1,spotify:track:2p1onANhkUkyMZKKigOUJu,0.65,0.462,-6.589,0.0891,0.366,0.159,0.65,89.887,2
Boy In Space,7UP,(05/09) 19:55 PM,16ccaa310ccdb414fc11f641be996b90c2b408c1,spotify:track:4cB00WOFuQFLoDpnydcx8c,0.616,0.469,-7.38,0.027000000000000003,0.0167,0.111,0.233,135.035,4
lovelytheband,coachella,(05/09) 19:52 PM,16ccaa310ccdb414fc11f641be996b90c2b408c1,spotify:track:1bPJ6Ay1La8IYPCuCvQA7k,0.563,0.6459999999999999,-6.849,0.0312,0.0664,0.0877,0.28800000000000003,115.013,4
Post Malone,Hollywood's Bleeding,(05/09) 19:48 PM,16ccaa310ccdb414fc11f641be996b90c2b408c1,spotify:track:7sWRlDoTDX8geTR8zzr2vt,0.405,0.6459999999999999,-3.2060000000000004,0.0476,0.331,0.103,0.17,130.218,3
Said the Sky,Erase Me,(05/09) 19:45 PM,16ccaa310ccdb414fc11f641be996b90c2b408c1,spotify:track:0AISJtBDtZXgB2fuvcjQEN,0.528,0.61,-6.564,0.0287,0.376,0.211,0.304,130.11,6
lovelytheband,stupid mistakes,(05/09) 19:42 PM,16ccaa310ccdb414fc11f641be996b90c2b408c1,spotify:track:3yGZzSxHvvQKwMsAtFfNF5,0.6970000000000001,0.713,-6.567,0.0265,0.133,0.23,0.529,128.974,4
lovelytheband,broken - Cash Cash Remix,(05/09) 19:38 PM,16ccaa310ccdb414fc11f641be996b90c2b408c1,spotify:track:5W0vgRE9B23TZDj5B7pRUO,0.4970000000000001,0.747,-3.112,0.0894,0.0259,0.0697,0.355,140.81,3
Galantis,Runaway (U & I),(05/09) 19:35 PM,16ccaa310ccdb414fc11f641be996b90c2b408c1,spotify:track:46lFttIf5hnUZMGvjK0Wxo,0.506,0.805,-4.119,0.0469,0.007109999999999998,0.0856,0.383,126.008,3
Boy In Space,7UP,(05/09) 19:25 PM,16ccaa310ccdb414fc11f641be996b90c2b408c1,spotify:track:4cB00WOFuQFLoDpnydcx8c,0.616,0.469,-7.38,0.027000000000000003,0.0167,0.111,0.233,135.035,4
Seven Lions,First Time (feat. Dylan Matthew) - Acoustic,(05/09) 12:04 PM,5fc15ea015923abb11f800c94126168d57b71556,spotify:track:4s9Na0ywXodZXScgvXmJop,0.5579999999999999,0.337,-8.414,0.0311,0.92,0.159,0.397,143.784,1
Lost Frequencies,Are You With Me - Radio Edit,(05/09) 12:03 PM,5fc15ea015923abb11f800c94126168d57b71556,spotify:track:62nhuooamoroYpJyqE0nLd,0.763,0.61,-8.094,0.0355,0.275,0.12,0.392,121.031,4
Boy In Space,7UP,(05/09) 12:01 PM,5fc15ea015923abb11f800c94126168d57b71556,spotify:track:4cB00WOFuQFLoDpnydcx8c,0.616,0.469,-7.38,0.027000000000000003,0.0167,0.111,0.233,135.035,4
LANY,pink skies,(05/09) 11:57 AM,5fc15ea015923abb11f800c94126168d57b71556,spotify:track:6BZ6pl5bczDc3cMF1kBaOy,0.7190000000000001,0.631,-6.6160000000000005,0.0433,0.266,0.134,0.466,103.968,2
Bryce Vine,Drew Barrymore,(05/09) 11:54 AM,5fc15ea015923abb11f800c94126168d57b71556,spotify:track:7nvIPwXKGhqtRhssxM99kJ,0.758,0.574,-6.8889999999999985,0.0572,0.46,0.102,0.261,151.985,6
lovelytheband,stupid mistakes,(05/09) 11:51 AM,5fc15ea015923abb11f800c94126168d57b71556,spotify:track:3yGZzSxHvvQKwMsAtFfNF5,0.6970000000000001,0.713,-6.567,0.0265,0.133,0.23,0.529,128.974,4
Boy In Space,7UP,(05/09) 11:47 AM,5fc15ea015923abb11f800c94126168d57b71556,spotify:track:4cB00WOFuQFLoDpnydcx8c,0.616,0.469,-7.38,0.027000000000000003,0.0167,0.111,0.233,135.035,4
X Ambassadors,HOLD YOU DOWN,(05/09) 09:57 AM,1aa7bbc6b87b107cac0191c507fac32fce8d483c,spotify:track:3Tiv2bF1OLCXXnuXaDKaG3,0.5770000000000001,0.627,-5.553,0.0533,0.0491,0.0766,0.446,78.96,4
Lauv,Lonely Eyes,(05/09) 09:54 AM,1aa7bbc6b87b107cac0191c507fac32fce8d483c,spotify:track:5qhHm4dN4L2dhRb2TfzGPw,0.586,0.499,-7.005,0.0267,0.0418,0.0994,0.369,95.014,4
Seven Lions,First Time (feat. Dylan Matthew),(05/09) 09:51 AM,1aa7bbc6b87b107cac0191c507fac32fce8d483c,spotify:track:27YD36FUikKxbp3bKSiKGZ,0.422,0.677,-5.76,0.0365,0.251,0.16,0.146,150.131,3
Delaney Jane,Throwback,(05/09) 09:46 AM,1aa7bbc6b87b107cac0191c507fac32fce8d483c,spotify:track:0O64j1yLdHg17XDfleKiYH,0.613,0.731,-3.993,0.0625,0.177,0.107,0.322,107.071,4
Lauv,For Now,(05/09) 09:38 AM,1aa7bbc6b87b107cac0191c507fac32fce8d483c,spotify:track:0PxJmAlyKcRdd1r9FvDbTn,0.5329999999999999,0.226,-12.186,0.0416,0.7829999999999999,0.113,0.111,83.588,1
Bryce Vine,Los Angeles,(05/09) 09:35 AM,1aa7bbc6b87b107cac0191c507fac32fce8d483c,spotify:track:0GJnCFj7z7hvxo7AKX1PM8,0.728,0.812,-6.099,0.0671,0.121,0.293,0.8240000000000001,150.093,0
Kid Travis,Strawberry Skies,(05/09) 09:31 AM,1aa7bbc6b87b107cac0191c507fac32fce8d483c,spotify:track:2p1onANhkUkyMZKKigOUJu,0.65,0.462,-6.589,0.0891,0.366,0.159,0.65,89.887,2
Troye Sivan,YOUTH - Gryffin Remix,(05/09) 09:28 AM,1aa7bbc6b87b107cac0191c507fac32fce8d483c,spotify:track:5nGuzcsjDbUD1Hgi0szupA,0.5589999999999999,0.67,-6.301,0.0404,0.0823,0.106,0.338,104.004,4
Bryce Vine,La La Land (feat. YG),(05/09) 09:24 AM,1aa7bbc6b87b107cac0191c507fac32fce8d483c,spotify:track:4oM9DGUTrRaXJDypxxHztZ,0.774,0.473,-5.122000000000001,0.0569,0.221,0.222,0.416,97.953,2
Loud Luxury,I'm Not Alright - Frank Walker Remix,(05/09) 09:21 AM,1aa7bbc6b87b107cac0191c507fac32fce8d483c,spotify:track:7ojmU04SuSKtIjzODRFIiB,0.741,0.8690000000000001,-3.557,0.0366,0.0176,0.13699999999999998,0.6859999999999999,124.99,0
Post Malone,I'm Gonna Be,(05/09) 09:15 AM,1aa7bbc6b87b107cac0191c507fac32fce8d483c,spotify:track:1ckLp8lCl8LipXI0ypX72m,0.746,0.5589999999999999,-4.008,0.0316,0.703,0.14800000000000002,0.368,117.943,2
Marc E. Bassy,Just My Luck,(05/09) 09:11 AM,1aa7bbc6b87b107cac0191c507fac32fce8d483c,spotify:track:2QsBAfiNmngcrZsOTznqBG,0.617,0.64,-5.601,0.042,0.28300000000000003,0.16399999999999998,0.34600000000000003,156.98,4
Boy In Space,7UP,(05/09) 09:08 AM,1aa7bbc6b87b107cac0191c507fac32fce8d483c,spotify:track:4cB00WOFuQFLoDpnydcx8c,0.616,0.469,-7.38,0.027000000000000003,0.0167,0.111,0.233,135.035,4
Post Malone,Myself,(05/09) 09:05 AM,1aa7bbc6b87b107cac0191c507fac32fce8d483c,spotify:track:2cvOfKHOHgwQlLiuLKP2xR,0.476,0.701,-4.234,0.0349,0.102,0.242,0.405,163.882,3
Said the Sky,Erase Me,(05/09) 09:02 AM,1aa7bbc6b87b107cac0191c507fac32fce8d483c,spotify:track:0AISJtBDtZXgB2fuvcjQEN,0.528,0.61,-6.564,0.0287,0.376,0.211,0.304,130.11,6
Boy In Space,u n eye,(05/09) 08:57 AM,1aa7bbc6b87b107cac0191c507fac32fce8d483c,spotify:track:2gqt5wkwLgaP2ZEfqasBIL,0.67,0.753,-6.37,0.058,0.14300000000000002,0.233,0.7170000000000001,160.099,0
Boy In Space,Cold,(05/09) 08:54 AM,1aa7bbc6b87b107cac0191c507fac32fce8d483c,spotify:track:5jYe1mOKg5zUx0enf1DOdz,0.711,0.412,-6.827000000000001,0.0445,0.184,0.0546,0.18600000000000005,130.015,6
Boy In Space,7UP,(05/09) 08:51 AM,1aa7bbc6b87b107cac0191c507fac32fce8d483c,spotify:track:4cB00WOFuQFLoDpnydcx8c,0.616,0.469,-7.38,0.027000000000000003,0.0167,0.111,0.233,135.035,4
TWIN XL,Good,(05/08) 21:57 PM,d7bb9f36a6baee1b30c85f7bf2bc7360de96f2ad,spotify:track:7sRdxkgNb3m3Ciai38ANmd,0.617,0.964,-3.559,0.0355,0.113,0.247,0.961,75.97800000000002,0
lovelytheband,broken - Cash Cash Remix,(05/08) 21:53 PM,d7bb9f36a6baee1b30c85f7bf2bc7360de96f2ad,spotify:track:5W0vgRE9B23TZDj5B7pRUO,0.4970000000000001,0.747,-3.112,0.0894,0.0259,0.0697,0.355,140.81,3
joan,drive all night,(05/08) 21:50 PM,d7bb9f36a6baee1b30c85f7bf2bc7360de96f2ad,spotify:track:75ZKw8JLaFsYr51J44fQ4N,0.542,0.758,-5.032,0.0313,0.000184,0.14400000000000002,0.43,156.128,3
Marc E. Bassy,Just My Luck,(05/08) 21:47 PM,d7bb9f36a6baee1b30c85f7bf2bc7360de96f2ad,spotify:track:2QsBAfiNmngcrZsOTznqBG,0.617,0.64,-5.601,0.042,0.28300000000000003,0.16399999999999998,0.34600000000000003,156.98,4
Boy In Space,7UP,(05/08) 21:44 PM,d7bb9f36a6baee1b30c85f7bf2bc7360de96f2ad,spotify:track:4cB00WOFuQFLoDpnydcx8c,0.616,0.469,-7.38,0.027000000000000003,0.0167,0.111,0.233,135.035,4
ODESZA,Falls (feat. Sasha Sloan),(05/08) 21:41 PM,d7bb9f36a6baee1b30c85f7bf2bc7360de96f2ad,spotify:track:6oNZ0WxqptE7V0qpjtyJ4a,0.294,0.6970000000000001,-6.029,0.128,0.0398,0.136,0.183,160.566,3
Boy In Space,7UP,(05/08) 21:37 PM,d7bb9f36a6baee1b30c85f7bf2bc7360de96f2ad,spotify:track:4cB00WOFuQFLoDpnydcx8c,0.616,0.469,-7.38,0.027000000000000003,0.0167,0.111,0.233,135.035,4
ILLENIUM,Good Things Fall Apart (with Jon Bellion),(05/08) 21:33 PM,d7bb9f36a6baee1b30c85f7bf2bc7360de96f2ad,spotify:track:3LxG9HkMMFP0MZuiw3O2rF,0.643,0.603,-5.416,0.0311,0.012,0.118,0.42,144.01,4
lovelytheband,stupid mistakes,(05/08) 21:30 PM,d7bb9f36a6baee1b30c85f7bf2bc7360de96f2ad,spotify:track:3yGZzSxHvvQKwMsAtFfNF5,0.6970000000000001,0.713,-6.567,0.0265,0.133,0.23,0.529,128.974,4
Bryce Vine,San Junipero,(05/08) 21:26 PM,d7bb9f36a6baee1b30c85f7bf2bc7360de96f2ad,spotify:track:2Z8WXN2oV5dzxTWjscQQr2,0.6890000000000001,0.7020000000000001,-5.278,0.0356,0.203,0.145,0.562,98.018,0
Lauv,Mean It - stripped,(05/08) 21:22 PM,d7bb9f36a6baee1b30c85f7bf2bc7360de96f2ad,spotify:track:27as7exfxU3cNaYKr3HlHI,0.5379999999999999,0.228,-10.837,0.0334,0.746,0.126,0.517,90.912,5
Boy In Space,7UP,(05/08) 21:18 PM,d7bb9f36a6baee1b30c85f7bf2bc7360de96f2ad,spotify:track:4cB00WOFuQFLoDpnydcx8c,0.616,0.469,-7.38,0.027000000000000003,0.0167,0.111,0.233,135.035,4
TWIN XL,"Don't Wake Me, I'm Still Dreaming",(05/08) 20:17 PM,d4636d02a68334a11e106e8635c3b0bee5bff20b,spotify:track:6NdL165hAxSKNnozIA2HDY,0.388,0.777,-5.194,0.0341,0.0218,0.101,0.218,163.805,3
Talos,See Me,(05/08) 20:14 PM,d4636d02a68334a11e106e8635c3b0bee5bff20b,spotify:track:4akuE3uBD4t5HTXaAEm88t,0.436,0.6609999999999999,-6.034,0.0353,0.247,0.105,0.149,168.043,3
Jason Ross,Letting Go (with RUNN),(05/08) 20:04 PM,d4636d02a68334a11e106e8635c3b0bee5bff20b,spotify:track:6XxrZcC4CnlJy1qyYrrxqZ,0.3670000000000001,0.688,-6.11,0.0465,0.16699999999999998,0.0916,0.219,149.636,3
Calvin Harris,Summer,(05/08) 20:00 PM,d4636d02a68334a11e106e8635c3b0bee5bff20b,spotify:track:6YUTL4dYpB9xZO5qExPf05,0.596,0.856,-3.556,0.0346,0.0211,0.141,0.743,127.949,0
Lauv,Tattoos Together,(05/08) 19:56 PM,d4636d02a68334a11e106e8635c3b0bee5bff20b,spotify:track:1Srt81FTalOhRw7t7l8Yh8,0.862,0.4,-7.4860000000000015,0.0736,0.00575,0.123,0.596,122.963,2
Nightly,Twenty Something,(05/08) 19:53 PM,d4636d02a68334a11e106e8635c3b0bee5bff20b,spotify:track:6Wz9rIfo9tOBcVCd1Mo7F7,0.6409999999999999,0.589,-6.305,0.0275,0.096,0.208,0.11,100.001,4
Valley,Swim - Reprise,(05/08) 19:48 PM,d4636d02a68334a11e106e8635c3b0bee5bff20b,spotify:track:4eVE7ruYH5dNGYKT2jd5So,0.493,0.782,-6.968,0.0353,0.0187,0.321,0.314,104.941,4
Post Malone,I'm Gonna Be,(05/08) 19:44 PM,d4636d02a68334a11e106e8635c3b0bee5bff20b,spotify:track:1ckLp8lCl8LipXI0ypX72m,0.746,0.5589999999999999,-4.008,0.0316,0.703,0.14800000000000002,0.368,117.943,2
lovelytheband,coachella,(05/08) 19:41 PM,d4636d02a68334a11e106e8635c3b0bee5bff20b,spotify:track:1bPJ6Ay1La8IYPCuCvQA7k,0.563,0.6459999999999999,-6.849,0.0312,0.0664,0.0877,0.28800000000000003,115.013,4
88rising,La La Lost You,(05/08) 19:37 PM,d4636d02a68334a11e106e8635c3b0bee5bff20b,spotify:track:5Htq8DDDN0Xce9MwqzAzui,0.721,0.5820000000000001,-8.251,0.0411,0.315,0.065,0.487,100.083,2
Bazzi,Mine,(05/08) 19:34 PM,d4636d02a68334a11e106e8635c3b0bee5bff20b,spotify:track:7uzmGiiJyRfuViKKK3lVmR,0.71,0.789,-3.874,0.0722,0.0161,0.451,0.7170000000000001,142.929,0
